Unnamed: 0,Time (sec),Instant fuel economy (MPG),Total fuel economy (MPG),Fuel rate (gal/hr),Instant CO2 rate (lb/mile),Total CO2 (lbs),CO2 flow (lb/min),Engine RPM (RPM),Mass air flow rate (lb/min),Absolute load value (%),Mass air flow rate (lb/min).1,Engine Power (hp),Calculated load value (%),Time since engine start (sec),Ambient air temperature (°F),Intake manifold absolute pressure (inHg),Fuel system 1 status,Trip Distance (miles),Trip Fuel (gal),Trip Fuel Economy (MPG),Trip Duration (min),Ambient Temperature Sensor (°F),Blower Motor Speed Level,Compressor Speed (RPM),Compressor Target Speed (RPM),Room Temperature Sensor (°F),Engine Speed (RPM),Initial Intake Air Temperature (°F),Intake Air (°F),Hybrid battery pack remaining life (%),Traction Battery Pack Performance Retention Rate (%),Boost (psi),Acceleration (ft/s²),Vehicle Speed (MPH),Adjusted Ambient Temperature (°F),Motor Actual Current (A),Motor Power Supply Voltage (V),Battery Voltage (V),Aircon Consumption Power (kW),Battery Block Max Voltage (V),Cooling Fan 0 (%),Status of the Aircon Gate Status / OFF or ON,Battery Voltage (V).1,Status of the Engine Condition/ Stop or Run,Engine fuel rate (gal/hr),Driver's demand engine - percent torque (%),Actual engine - percent torque (%),Status of the Remote A/C Power Supply Request/ OFF or ON,Fuel injection timing (deg),Enhanced Hybrid/EV Charging State,Engine Torque (lb•ft),Set Temperature (Driver Side) (°F),Solar Sensor (Driver Side),Solar Ventilation Switch,Fuel Input (gal),Vehicle Load (%),Calculate Load (%),Total Weight Information (lbs),Timestamp,Outside Temp,Humidity,Wind Speed,Pressure,Feels_like,Clouds
0,0.0,0.0,0.0,0.0,0.0,0.0,0.0,0.0,0.0,0.0,0.0,0.0,0.0,0,0.0,0.0,0,0.0,0.0,0.0,0.0,0.0,0,0,0,0.0,0.0,0.0,0.0,0.0,0,0.0,0.0,0.0,0.0,0.0,0.0,0.0,0.0,0.0,0.0,0,0.0,0,0,0,0,0,0,0,0.0,0,0,0,0.0,0.0,0.0,0,1687296877.0,81.45,42.0,12.66,1003.0,81.21,0.0
1,0.918,0.0,0.0,0.0,0.0,0.0,0.0,0.0,0.0,0.0,0.0,0.0,0.0,0,0.0,0.0,0,0.0,0.0,0.0,0.0,0.0,0,0,0,0.0,0.0,0.0,0.0,0.0,0,0.0,0.0,0.0,0.0,0.0,0.0,0.0,0.0,0.0,0.0,0,0.0,0,0,0,0,0,0,0,0.0,0,0,0,0.0,0.0,0.0,0,1687296877.918,81.45016666666668,42.0,12.66,1003.0,81.21033333333332,0.0
2,1.913,1352.899,37.86983,0.0,0.01448433,0.0,0.0,0.0,0.030429,0.0,0.0,0.0,0.0,0,0.0,0.0,0,0.0,0.0,0.0,0.0,0.0,0,0,0,0.0,0.0,0.0,0.0,0.0,0,0.0,0.0,0.0,0.0,0.0,0.0,0.0,0.0,0.0,0.0,0,0.0,0,0,0,0,0,0,0,0.0,0,0,0,0.0,0.0,0.0,0,1687296878.913,81.45033333333333,42.0,12.66,1003.0,81.21066666666665,0.0
3,2.912,1352.899,37.86983,0.0,0.01448433,0.0,0.0,0.0,0.030429,0.0,0.0,0.0,0.0,0,0.0,0.0,0,0.0,0.0,0.0,0.0,0.0,0,0,0,0.0,0.0,0.0,0.0,0.0,0,0.0,0.0,0.0,0.0,0.0,0.0,0.0,0.0,0.0,0.0,0,0.0,0,0,0,0,0,0,0,0.0,0,0,0,0.0,0.0,0.0,0,1687296879.912,81.4505,42.0,12.66,1003.0,81.211,0.0
4,3.907,1352.899,37.86983,0.0,0.01448433,0.0,0.0,0.0,0.030429,0.0,0.0,0.0,0.0,0,0.0,0.0,0,0.0,0.0,0.0,0.0,0.0,0,0,0,0.0,0.0,0.0,0.0,0.0,0,0.0,0.0,0.0,0.0,0.0,0.0,0.0,0.0,0.0,0.0,0,0.0,0,0,0,0,0,0,0,0.0,0,0,0,0.0,0.0,0.0,0,1687296880.907,81.45066666666666,42.0,12.66,1003.0,81.21133333333333,0.0
5,4.911,1352.899,37.86983,0.0,0.01448433,0.0,0.0,0.0,0.030429,0.0,0.0,0.0,0.0,0,0.0,0.0,0,0.0,0.0,0.0,0.0,0.0,0,0,0,0.0,0.0,0.0,0.0,0.0,0,0.0,0.0,0.0,0.0,0.0,0.0,0.0,0.0,0.0,0.0,0,0.0,0,0,0,0,0,0,0,0.0,0,0,0,0.0,0.0,0.0,0,1687296881.911,81.45083333333334,42.0,12.66,1003.0,81.21166666666666,0.0
6,5.913,1352.899,37.86983,0.0,0.01448433,0.0,0.0,0.0,0.030429,0.0,0.0,0.0,0.0,0,0.0,0.0,0,0.0,0.0,0.0,0.0,0.0,0,0,0,0.0,0.0,0.0,0.0,0.0,0,0.0,0.0,0.0,0.0,0.0,0.0,0.0,0.0,0.0,0.0,0,0.0,0,0,0,0,0,0,0,0.0,0,0,0,0.0,0.0,0.0,0,1687296882.913,81.45100000000001,42.0,12.66,1003.0,81.21199999999999,0.0
7,6.912,1352.899,37.86983,0.0,0.01448433,0.0,0.0,0.0,0.030429,0.0,0.0,0.0,0.0,0,0.0,0.0,0,0.0,0.0,0.0,0.0,0.0,0,0,0,0.0,0.0,0.0,0.0,0.0,0,0.0,0.0,0.0,0.0,0.0,0.0,0.0,0.0,0.0,0.0,0,0.0,0,0,0,0,0,0,0,0.0,0,0,0,0.0,0.0,0.0,0,1687296883.912,81.45116666666667,42.0,12.66,1003.0,81.21233333333333,0.0
8,7.912,1285.54,37.87337,0.02030089,0.01524328,94.68378,0.006630213,0.0,0.030429,0.0,0.0,0.2783477,0.0,414,80.6,0.0,1,0.0172534,4.637632e-06,3720.302,0.1195522,80.78,18,3532,3539,84.2,0.0,128.75,109.4,62.7451,0,-0.4351132,-0.3829181,21.47459,80.24,0.63,27.048,14.492,1.1,17.60986,67.0,1,14.3,0,0,0,0,0,0,0,0.0,95,46,0,11.62357,0.0,0.0,0,1687296884.912,81.45133333333334,42.0,12.66,1003.0,81.21266666666666,0.0
9,8.909,1285.54,37.87337,0.02030089,0.01524328,94.68378,0.006630213,0.0,0.030429,0.0,0.0,0.2783477,0.0,414,80.6,0.0,1,0.0172534,4.637632e-06,3720.302,0.1195522,80.78,18,3532,3539,84.2,0.0,128.75,109.4,62.7451,0,-0.4351132,-0.3829181,21.47459,80.24,0.63,27.048,14.492,1.1,17.60986,67.0,1,14.3,0,0,0,0,0,0,0,0.0,95,46,0,11.62357,0.0,0.0,0,1687296885.909,81.4515,42.0,12.66,1003.0,81.213,0.0
10,9.915,1285.54,37.87337,0.02030089,0.01524328,94.68378,0.006630213,0.0,0.030429,0.0,0.0,0.2783477,0.0,414,80.6,0.0,1,0.0172534,4.637632e-06,3720.302,0.1195522,80.78,18,3532,3539,84.2,0.0,128.75,109.4,62.7451,0,-0.4351132,-0.3829181,21.47459,80.24,0.63,27.048,14.492,1.1,17.60986,67.0,1,14.3,0,0,0,0,0,0,0,0.0,95,46,0,11.62357,0.0,0.0,0,1687296886.915,81.45166666666667,42.0,12.66,1003.0,81.21333333333332,0.0
11,10.914,1285.54,37.87337,0.02030089,0.01524328,94.68378,0.006630213,0.0,0.030429,0.0,0.0,0.2783477,0.0,414,80.6,0.0,1,0.0172534,4.637632e-06,3720.302,0.1195522,80.78,18,3532,3539,84.2,0.0,128.75,109.4,62.7451,0,-0.4351132,-0.3829181,21.47459,80.24,0.63,27.048,14.492,1.1,17.60986,67.0,1,14.3,0,0,0,0,0,0,0,0.0,95,46,0,11.62357,0.0,0.0,0,1687296887.914,81.45183333333334,42.0,12.66,1003.0,81.21366666666667,0.0
12,11.913,871.6016,37.87772,0.01853559,0.02248256,94.68427,0.006053673,0.0,0.027783,0.0,0.0,0.2541435,0.0,414,80.6,0.0,1,0.03927102,2.990304e-05,1313.278,0.1888665,80.78,18,3541,3558,83.75,925.0,128.75,111.2,62.7451,0,0.0,-1.868936,15.9071,80.24,-0.07,27.097,14.414,0.0,16.38916,66.5,1,14.3,0,0,0,0,0,0,0,0.0,95,46,0,11.62357,16.07843,89.01961,0,1687296888.913,81.452,42.0,12.66,1003.0,81.214,0.0
13,12.916,871.6016,37.87772,0.01853559,0.02248256,94.68427,0.006053673,0.0,0.027783,0.0,0.0,0.2541435,0.0,414,80.6,0.0,1,0.03927102,2.990304e-05,1313.278,0.1888665,80.78,18,3541,3558,83.75,925.0,128.75,111.2,62.7451,0,0.0,-1.868936,15.9071,80.24,-0.07,27.097,14.414,0.0,16.38916,66.5,1,14.3,0,0,0,0,0,0,0,0.0,95,46,0,11.62357,16.07843,89.01961,0,1687296889.916,81.45216666666667,42.0,12.66,1003.0,81.21433333333333,0.0
14,13.914,871.6016,37.87772,0.01853559,0.02248256,94.68427,0.006053673,0.0,0.027783,0.0,0.0,0.2541435,0.0,414,80.6,0.0,1,0.03927102,2.990304e-05,1313.278,0.1888665,80.78,18,3541,3558,83.75,925.0,128.75,111.2,62.7451,0,0.0,-1.868936,15.9071,80.24,-0.07,27.097,14.414,0.0,16.38916,66.5,1,14.3,0,0,0,0,0,0,0,0.0,95,46,0,11.62357,16.07843,89.01961,0,1687296890.914,81.45233333333333,42.0,12.66,1003.0,81.21466666666666,0.0
15,14.918,871.6016,37.87772,0.01853559,0.02248256,94.68427,0.006053673,0.0,0.027783,0.0,0.0,0.2541435,0.0,414,80.6,0.0,1,0.03927102,2.990304e-05,1313.278,0.1888665,80.78,18,3541,3558,83.75,925.0,128.75,111.2,62.7451,0,0.0,-1.868936,15.9071,80.24,-0.07,27.097,14.414,0.0,16.38916,66.5,1,14.3,0,0,0,0,0,0,0,0.0,95,46,0,11.62357,16.07843,89.01961,0,1687296891.918,81.4525,42.0,12.66,1003.0,81.215,0.0
16,15.919,12.02025,37.86813,1.550811,1.630235,94.71939,0.5064906,2123.25,2.324511,43.52941,2.884475,21.26334,88.23529,414,80.6,0.0,2,0.06075933,0.001822348,33.34124,0.2599034,80.78,18,2582,3729,83.75,1246.0,128.75,104.0,62.7451,0,-1.595415,-1.0468,23.0653,80.24,-1.66,27.048,14.414,1.15,17.04956,69.0,1,14.3,0,0,0,0,0,0,0,52.59743,95,45,0,11.62357,44.70588,68.62745,0,1687296892.919,81.45266666666667,42.0,12.66,1003.0,81.21533333333333,0.0
17,16.92,12.02025,37.86813,1.550811,1.630235,94.71939,0.5064906,2123.25,2.324511,43.52941,2.884475,21.26334,88.23529,414,80.6,0.0,2,0.06075933,0.001822348,33.34124,0.2599034,80.78,18,2582,3729,83.75,1246.0,128.75,104.0,62.7451,0,-1.595415,-1.0468,23.0653,80.24,-1.66,27.048,14.414,1.15,17.04956,69.0,1,14.3,0,0,0,0,0,0,0,52.59743,95,45,0,11.62357,44.70588,68.62745,0,1687296893.92,81.45283333333333,42.0,12.66,1003.0,81.21566666666666,0.0
18,18.245,12.02025,37.86813,1.550811,1.630235,94.71939,0.5064906,2123.25,2.324511,43.52941,2.884475,21.26334,88.23529,414,80.6,0.0,2,0.06075933,0.001822348,33.34124,0.2599034,80.78,18,2582,3729,83.75,1246.0,128.75,104.0,62.7451,0,-1.595415,-1.0468,23.0653,80.24,-1.66,27.048,14.414,1.15,17.04956,69.0,1,14.3,0,0,0,0,0,0,0,52.59743,95,45,0,11.62357,44.70588,68.62745,0,1687296895.245,81.453,42.0,12.66,1003.0,81.216,0.0
19,18.909,12.02025,37.86813,1.550811,1.630235,94.71939,0.5064906,2123.25,2.324511,43.52941,2.884475,21.26334,88.23529,414,80.6,0.0,2,0.06075933,0.001822348,33.34124,0.2599034,80.78,18,2582,3729,83.75,1246.0,128.75,104.0,62.7451,0,-1.595415,-1.0468,23.0653,80.24,-1.66,27.048,14.414,1.15,17.04956,69.0,1,14.3,0,0,0,0,0,0,0,52.59743,95,45,0,11.62357,44.70588,68.62745,0,1687296895.909,81.45316666666666,42.0,12.66,1003.0,81.21633333333332,0.0
20,19.915,381.0631,37.87331,0.06196376,0.05142412,94.72084,0.02023719,1117.0,0.09261,3.137255,0.2999641,0.849592,26.66667,414,80.6,0.8153694,4,0.08861902,0.001896218,46.73463,0.3290533,81.41,18,3862,3854,83.75,0.0,128.75,105.8,62.7451,0,-11.60302,1.297438,22.26994,80.816,-0.07,27.048,14.492,1.15,17.36938,68.5,1,14.3,0,0,0,0,0,0,0,3.994766,95,46,0,11.62357,0.0,0.0,0,1687296896.915,81.45333333333333,42.0,12.66,1003.0,81.21666666666667,0.0
21,20.905,381.0631,37.87331,0.06196376,0.05142412,94.72084,0.02023719,1117.0,0.09261,3.137255,0.2999641,0.849592,26.66667,414,80.6,0.8153694,4,0.08861902,0.001896218,46.73463,0.3290533,81.41,18,3862,3854,83.75,0.0,128.75,105.8,62.7451,0,-11.60302,1.297438,22.26994,80.816,-0.07,27.048,14.492,1.15,17.36938,68.5,1,14.3,0,0,0,0,0,0,0,3.994766,95,46,0,11.62357,0.0,0.0,0,1687296897.905,81.4535,42.0,12.66,1003.0,81.217,0.0
22,21.906,381.0631,37.87331,0.06196376,0.05142412,94.72084,0.02023719,1117.0,0.09261,3.137255,0.2999641,0.849592,26.66667,414,80.6,0.8153694,4,0.08861902,0.001896218,46.73463,0.3290533,81.41,18,3862,3854,83.75,0.0,128.75,105.8,62.7451,0,-11.60302,1.297438,22.26994,80.816,-0.07,27.048,14.492,1.15,17.36938,68.5,1,14.3,0,0,0,0,0,0,0,3.994766,95,46,0,11.62357,0.0,0.0,0,1687296898.906,81.45366666666666,42.0,12.66,1003.0,81.21733333333333,0.0
23,22.908,381.0631,37.87331,0.06196376,0.05142412,94.72084,0.02023719,1117.0,0.09261,3.137255,0.2999641,0.849592,26.66667,414,80.6,0.8153694,4,0.08861902,0.001896218,46.73463,0.3290533,81.41,18,3862,3854,83.75,0.0,128.75,105.8,62.7451,0,-11.60302,1.297438,22.26994,80.816,-0.07,27.048,14.492,1.15,17.36938,68.5,1,14.3,0,0,0,0,0,0,0,3.994766,95,46,0,11.62357,0.0,0.0,0,1687296899.908,81.45383333333334,42.0,12.66,1003.0,81.21766666666666,0.0
24,23.94,381.0631,37.87331,0.06196376,0.05142412,94.72084,0.02023719,1117.0,0.09261,3.137255,0.2999641,0.849592,26.66667,414,80.6,0.8153694,4,0.08861902,0.001896218,46.73463,0.3290533,81.41,18,3862,3854,83.75,0.0,128.75,105.8,62.7451,0,-11.60302,1.297438,22.26994,80.816,-0.07,27.048,14.492,1.15,17.36938,68.5,1,14.3,0,0,0,0,0,0,0,3.994766,95,46,0,11.62357,0.0,0.0,0,1687296900.94,81.454,42.0,12.66,1003.0,81.218,0.0
25,24.915,1073.384,37.87835,0.02026116,0.01825613,94.72129,0.006617237,0.0,0.030429,0.0,0.0,0.2778029,0.0,414,80.6,0.5092514,1,0.1138447,0.001919405,59.31247,0.3993484,81.41,18,3824,3789,83.75,0.0,128.75,109.4,62.7451,0,0.0,0.5308422,15.9071,80.816,-2.2,27.048,14.472,1.15,17.63916,63.5,1,14.3,0,0,0,0,0,0,0,0.0,95,45,0,11.62357,0.0,0.0,0,1687296901.915,81.45416666666667,42.0,12.66,1003.0,81.21833333333333,0.0
26,25.917,1073.384,37.87835,0.02026116,0.01825613,94.72129,0.006617237,0.0,0.030429,0.0,0.0,0.2778029,0.0,414,80.6,0.5092514,1,0.1138447,0.001919405,59.31247,0.3993484,81.41,18,3824,3789,83.75,0.0,128.75,109.4,62.7451,0,0.0,0.5308422,15.9071,80.816,-2.2,27.048,14.472,1.15,17.63916,63.5,1,14.3,0,0,0,0,0,0,0,0.0,95,45,0,11.62357,0.0,0.0,0,1687296902.917,81.45433333333334,42.0,12.66,1003.0,81.21866666666666,0.0
27,26.917,1073.384,37.87835,0.02026116,0.01825613,94.72129,0.006617237,0.0,0.030429,0.0,0.0,0.2778029,0.0,414,80.6,0.5092514,1,0.1138447,0.001919405,59.31247,0.3993484,81.41,18,3824,3789,83.75,0.0,128.75,109.4,62.7451,0,0.0,0.5308422,15.9071,80.816,-2.2,27.048,14.472,1.15,17.63916,63.5,1,14.3,0,0,0,0,0,0,0,0.0,95,45,0,11.62357,0.0,0.0,0,1687296903.917,81.4545,42.0,12.66,1003.0,81.219,0.0
28,27.911,1073.384,37.87835,0.02026116,0.01825613,94.72129,0.006617237,0.0,0.030429,0.0,0.0,0.2778029,0.0,414,80.6,0.5092514,1,0.1138447,0.001919405,59.31247,0.3993484,81.41,18,3824,3789,83.75,0.0,128.75,109.4,62.7451,0,0.0,0.5308422,15.9071,80.816,-2.2,27.048,14.472,1.15,17.63916,63.5,1,14.3,0,0,0,0,0,0,0,0.0,95,45,0,11.62357,0.0,0.0,0,1687296904.911,81.45466666666667,42.0,12.66,1003.0,81.21933333333334,0.0
29,28.916,671.7775,37.8812,0.01849931,0.02917013,94.72172,0.006041826,0.0,0.027783,0.0,0.0,0.2536462,0.0,414,80.6,0.0,1,0.1284607,0.001941164,66.17716,0.4683011,81.41,18,3781,3794,83.75,0.0,128.75,111.2,62.7451,0,0.0,-1.941702,3.181421,80.816,-1.18,27.048,14.472,1.15,17.02881,46.5,1,14.3,0,0,0,0,0,0,0,0.0,95,45,0,11.62357,0.0,0.0,0,1687296905.916,81.45483333333333,42.0,12.66,1003.0,81.21966666666667,0.0
30,29.955,671.7775,37.8812,0.01849931,0.02917013,94.72172,0.006041826,0.0,0.027783,0.0,0.0,0.2536462,0.0,414,80.6,0.0,1,0.1284607,0.001941164,66.17716,0.4683011,81.41,18,3781,3794,83.75,0.0,128.75,111.2,62.7451,0,0.0,-1.941702,3.181421,80.816,-1.18,27.048,14.472,1.15,17.02881,46.5,1,14.3,0,0,0,0,0,0,0,0.0,95,45,0,11.62357,0.0,0.0,0,1687296906.955,81.455,42.0,12.66,1003.0,81.22,0.0
31,30.91,671.7775,37.8812,0.01849931,0.02917013,94.72172,0.006041826,0.0,0.027783,0.0,0.0,0.2536462,0.0,414,80.6,0.0,1,0.1284607,0.001941164,66.17716,0.4683011,81.41,18,3781,3794,83.75,0.0,128.75,111.2,62.7451,0,0.0,-1.941702,3.181421,80.816,-1.18,27.048,14.472,1.15,17.02881,46.5,1,14.3,0,0,0,0,0,0,0,0.0,95,45,0,11.62357,0.0,0.0,0,1687296907.91,81.45516666666667,42.0,12.66,1003.0,81.22033333333333,0.0
32,31.912,671.7775,37.8812,0.01849931,0.02917013,94.72172,0.006041826,0.0,0.027783,0.0,0.0,0.2536462,0.0,414,80.6,0.0,1,0.1284607,0.001941164,66.17716,0.4683011,81.41,18,3781,3794,83.75,0.0,128.75,111.2,62.7451,0,0.0,-1.941702,3.181421,80.816,-1.18,27.048,14.472,1.15,17.02881,46.5,1,14.3,0,0,0,0,0,0,0,0.0,95,45,0,11.62357,0.0,0.0,0,1687296908.912,81.45533333333333,42.0,12.66,1003.0,81.22066666666666,0.0
33,32.906,100.7666,37.88147,0.01849931,0.1944675,94.72214,0.006041826,0.0,0.027783,0.0,0.0,0.2536462,0.0,414,80.6,0.0,1,0.1305954,0.001962344,66.55071,0.5351535,81.41,18,3800,3834,83.3,0.0,128.75,113.0,62.7451,0,0.0,-3.493401,0.0,80.816,0.08,27.048,14.472,1.2,16.87988,46.0,1,14.3,0,0,0,0,0,0,0,0.0,95,45,0,11.62357,0.0,0.0,0,1687296909.906,81.4555,42.0,12.66,1003.0,81.221,0.0
34,33.908,100.7666,37.88147,0.01849931,0.1944675,94.72214,0.006041826,0.0,0.027783,0.0,0.0,0.2536462,0.0,414,80.6,0.0,1,0.1305954,0.001962344,66.55071,0.5351535,81.41,18,3800,3834,83.3,0.0,128.75,113.0,62.7451,0,0.0,-3.493401,0.0,80.816,0.08,27.048,14.472,1.2,16.87988,46.0,1,14.3,0,0,0,0,0,0,0,0.0,95,45,0,11.62357,0.0,0.0,0,1687296910.908,81.45566666666666,42.0,12.66,1003.0,81.22133333333333,0.0
35,34.908,100.7666,37.88147,0.01849931,0.1944675,94.72214,0.006041826,0.0,0.027783,0.0,0.0,0.2536462,0.0,414,80.6,0.0,1,0.1305954,0.001962344,66.55071,0.5351535,81.41,18,3800,3834,83.3,0.0,128.75,113.0,62.7451,0,0.0,-3.493401,0.0,80.816,0.08,27.048,14.472,1.2,16.87988,46.0,1,14.3,0,0,0,0,0,0,0,0.0,95,45,0,11.62357,0.0,0.0,0,1687296911.908,81.45583333333333,42.0,12.66,1003.0,81.22166666666666,0.0
36,35.908,100.7666,37.88147,0.01849931,0.1944675,94.72214,0.006041826,0.0,0.027783,0.0,0.0,0.2536462,0.0,414,80.6,0.0,1,0.1305954,0.001962344,66.55071,0.5351535,81.41,18,3800,3834,83.3,0.0,128.75,113.0,62.7451,0,0.0,-3.493401,0.0,80.816,0.08,27.048,14.472,1.2,16.87988,46.0,1,14.3,0,0,0,0,0,0,0,0.0,95,45,0,11.62357,0.0,0.0,0,1687296912.908,81.456,42.0,12.66,1003.0,81.222,0.0
37,36.912,0.0,37.88131,0.01849931,0.0,94.72253,0.006041826,0.0,0.027783,0.0,0.0,0.2536462,0.0,414,80.6,0.0,1,0.1305954,0.00198287,65.86182,0.6010545,81.41,18,3840,3857,83.3,0.0,128.75,113.0,62.7451,0,0.0,-2.221358,0.0,80.816,-0.05,27.048,14.472,1.25,16.77979,46.0,1,14.3,0,0,0,0,0,0,0,0.0,95,44,0,11.62357,0.0,0.0,0,1687296913.912,81.45616666666666,42.0,12.66,1003.0,81.22233333333334,0.0
38,37.913,0.0,37.88131,0.01849931,0.0,94.72253,0.006041826,0.0,0.027783,0.0,0.0,0.2536462,0.0,414,80.6,0.0,1,0.1305954,0.00198287,65.86182,0.6010545,81.41,18,3840,3857,83.3,0.0,128.75,113.0,62.7451,0,0.0,-2.221358,0.0,80.816,-0.05,27.048,14.472,1.25,16.77979,46.0,1,14.3,0,0,0,0,0,0,0,0.0,95,44,0,11.62357,0.0,0.0,0,1687296914.913,81.45633333333333,42.0,12.66,1003.0,81.22266666666667,0.0
39,38.917,0.0,37.88131,0.01849931,0.0,94.72253,0.006041826,0.0,0.027783,0.0,0.0,0.2536462,0.0,414,80.6,0.0,1,0.1305954,0.00198287,65.86182,0.6010545,81.41,18,3840,3857,83.3,0.0,128.75,113.0,62.7451,0,0.0,-2.221358,0.0,80.816,-0.05,27.048,14.472,1.25,16.77979,46.0,1,14.3,0,0,0,0,0,0,0,0.0,95,44,0,11.62357,0.0,0.0,0,1687296915.917,81.45649999999999,42.0,12.66,1003.0,81.223,0.0
40,39.917,0.0,37.88131,0.01849931,0.0,94.72253,0.006041826,0.0,0.027783,0.0,0.0,0.2536462,0.0,414,80.6,0.0,1,0.1305954,0.00198287,65.86182,0.6010545,81.41,18,3840,3857,83.3,0.0,128.75,113.0,62.7451,0,0.0,-2.221358,0.0,80.816,-0.05,27.048,14.472,1.25,16.77979,46.0,1,14.3,0,0,0,0,0,0,0,0.0,95,44,0,11.62357,0.0,0.0,0,1687296916.917,81.45666666666666,42.0,12.66,1003.0,81.22333333333333,0.0
41,40.91,0.0,37.88115,0.01849931,0.0,94.72293,0.006041826,0.0,0.027783,0.0,0.0,0.2536462,0.0,414,80.6,0.0,1,0.1305954,0.00200321,65.19306,0.6731731,81.41,18,3856,3830,83.3,0.0,128.75,113.0,62.7451,0,0.0,-0.342282,0.0,80.816,-0.09,27.048,14.472,1.25,16.72974,46.0,1,14.3,0,0,0,0,0,0,0,0.0,95,44,0,11.62357,0.0,0.0,0,1687296917.91,81.45683333333334,42.0,12.66,1003.0,81.22366666666667,0.0
42,41.907,0.0,37.88115,0.01849931,0.0,94.72293,0.006041826,0.0,0.027783,0.0,0.0,0.2536462,0.0,414,80.6,0.0,1,0.1305954,0.00200321,65.19306,0.6731731,81.41,18,3856,3830,83.3,0.0,128.75,113.0,62.7451,0,0.0,-0.342282,0.0,80.816,-0.09,27.048,14.472,1.25,16.72974,46.0,1,14.3,0,0,0,0,0,0,0,0.0,95,44,0,11.62357,0.0,0.0,0,1687296918.907,81.457,42.0,12.66,1003.0,81.224,0.0
43,42.908,0.0,37.88115,0.01849931,0.0,94.72293,0.006041826,0.0,0.027783,0.0,0.0,0.2536462,0.0,414,80.6,0.0,1,0.1305954,0.00200321,65.19306,0.6731731,81.41,18,3856,3830,83.3,0.0,128.75,113.0,62.7451,0,0.0,-0.342282,0.0,80.816,-0.09,27.048,14.472,1.25,16.72974,46.0,1,14.3,0,0,0,0,0,0,0,0.0,95,44,0,11.62357,0.0,0.0,0,1687296919.908,81.45716666666667,42.0,12.66,1003.0,81.22433333333333,0.0
44,43.919,0.0,37.88115,0.01849931,0.0,94.72293,0.006041826,0.0,0.027783,0.0,0.0,0.2536462,0.0,414,80.6,0.0,1,0.1305954,0.00200321,65.19306,0.6731731,81.41,18,3856,3830,83.3,0.0,128.75,113.0,62.7451,0,0.0,-0.342282,0.0,80.816,-0.09,27.048,14.472,1.25,16.72974,46.0,1,14.3,0,0,0,0,0,0,0,0.0,95,44,0,11.62357,0.0,0.0,0,1687296920.919,81.45733333333332,42.0,12.66,1003.0,81.22466666666666,0.0
45,44.917,0.0,37.88098,0.01849931,0.0,94.72337,0.006041826,0.0,0.027783,0.0,0.0,0.2536462,0.0,414,80.6,0.0,1,0.1305954,0.002025453,64.47713,0.7462828,81.41,18,3820,3780,83.3,0.0,128.75,113.0,62.7451,0,0.0,4.097772e-16,0.0,80.816,-0.07,27.097,14.472,1.25,16.67969,46.0,1,14.3,0,0,0,0,0,0,0,0.0,95,43,0,11.62357,0.0,0.0,0,1687296921.917,81.4575,42.0,12.66,1003.0,81.22500000000001,0.0
46,45.918,0.0,37.88098,0.01849931,0.0,94.72337,0.006041826,0.0,0.027783,0.0,0.0,0.2536462,0.0,414,80.6,0.0,1,0.1305954,0.002025453,64.47713,0.7462828,81.41,18,3820,3780,83.3,0.0,128.75,113.0,62.7451,0,0.0,4.097772e-16,0.0,80.816,-0.07,27.097,14.472,1.25,16.67969,46.0,1,14.3,0,0,0,0,0,0,0,0.0,95,43,0,11.62357,0.0,0.0,0,1687296922.918,81.45766666666667,42.0,12.66,1003.0,81.22533333333334,0.0
47,46.918,0.0,37.88098,0.01849931,0.0,94.72337,0.006041826,0.0,0.027783,0.0,0.0,0.2536462,0.0,414,80.6,0.0,1,0.1305954,0.002025453,64.47713,0.7462828,81.41,18,3820,3780,83.3,0.0,128.75,113.0,62.7451,0,0.0,4.097772e-16,0.0,80.816,-0.07,27.097,14.472,1.25,16.67969,46.0,1,14.3,0,0,0,0,0,0,0,0.0,95,43,0,11.62357,0.0,0.0,0,1687296923.918,81.45783333333333,42.0,12.66,1003.0,81.22566666666667,0.0
48,47.917,0.0,37.88098,0.01849931,0.0,94.72337,0.006041826,0.0,0.027783,0.0,0.0,0.2536462,0.0,414,80.6,0.0,1,0.1305954,0.002025453,64.47713,0.7462828,81.41,18,3820,3780,83.3,0.0,128.75,113.0,62.7451,0,0.0,4.097772e-16,0.0,80.816,-0.07,27.097,14.472,1.25,16.67969,46.0,1,14.3,0,0,0,0,0,0,0,0.0,95,43,0,11.62357,0.0,0.0,0,1687296924.917,81.458,42.0,12.66,1003.0,81.226,0.0
49,48.918,0.0,37.8808,0.01849931,0.0,94.72382,0.006041826,0.0,0.027783,0.0,0.0,0.2536462,0.0,456,80.6,0.0,1,0.1305954,0.002048549,63.75019,0.8068233,81.41,18,3761,3751,83.3,0.0,128.75,113.0,64.31373,0,0.0,4.097772e-16,0.0,80.816,0.15,27.048,14.472,1.25,16.62964,46.0,1,14.3,0,0,0,0,0,0,0,0.0,95,43,0,11.62357,0.0,0.0,0,1687296925.918,81.45816666666666,42.0,12.66,1003.0,81.22633333333333,0.0
50,49.917,0.0,37.8808,0.01849931,0.0,94.72382,0.006041826,0.0,0.027783,0.0,0.0,0.2536462,0.0,456,80.6,0.0,1,0.1305954,0.002048549,63.75019,0.8068233,81.41,18,3761,3751,83.3,0.0,128.75,113.0,64.31373,0,0.0,4.097772e-16,0.0,80.816,0.15,27.048,14.472,1.25,16.62964,46.0,1,14.3,0,0,0,0,0,0,0,0.0,95,43,0,11.62357,0.0,0.0,0,1687296926.917,81.45833333333333,42.0,12.66,1003.0,81.22666666666667,0.0
51,50.916,0.0,37.8808,0.01849931,0.0,94.72382,0.006041826,0.0,0.027783,0.0,0.0,0.2536462,0.0,456,80.6,0.0,1,0.1305954,0.002048549,63.75019,0.8068233,81.41,18,3761,3751,83.3,0.0,128.75,113.0,64.31373,0,0.0,4.097772e-16,0.0,80.816,0.15,27.048,14.472,1.25,16.62964,46.0,1,14.3,0,0,0,0,0,0,0,0.0,95,43,0,11.62357,0.0,0.0,0,1687296927.916,81.4585,42.0,12.66,1003.0,81.227,0.0
52,51.918,0.0,37.88066,0.01849931,0.0,94.72417,0.006041826,0.0,0.027783,0.0,0.0,0.2536462,0.0,456,80.6,0.0,1,0.1305954,0.002066327,63.20171,0.8610144,81.41,18,3750,3757,83.3,0.0,128.75,114.8,64.31373,0,0.0,4.097772e-16,0.0,80.816,-3.55,27.048,14.472,1.25,16.60889,46.0,1,14.3,0,0,0,0,0,0,0,0.0,95,42,0,11.62357,0.0,0.0,0,1687296928.918,81.45866666666666,42.0,12.66,1003.0,81.22733333333333,0.0
53,52.917,0.0,37.88066,0.01849931,0.0,94.72417,0.006041826,0.0,0.027783,0.0,0.0,0.2536462,0.0,456,80.6,0.0,1,0.1305954,0.002066327,63.20171,0.8610144,81.41,18,3750,3757,83.3,0.0,128.75,114.8,64.31373,0,0.0,4.097772e-16,0.0,80.816,-3.55,27.048,14.472,1.25,16.60889,46.0,1,14.3,0,0,0,0,0,0,0,0.0,95,42,0,11.62357,0.0,0.0,0,1687296929.917,81.45883333333333,42.0,12.66,1003.0,81.22766666666666,0.0
54,53.919,0.0,37.88066,0.01849931,0.0,94.72417,0.006041826,0.0,0.027783,0.0,0.0,0.2536462,0.0,456,80.6,0.0,1,0.1305954,0.002066327,63.20171,0.8610144,81.41,18,3750,3757,83.3,0.0,128.75,114.8,64.31373,0,0.0,4.097772e-16,0.0,80.816,-3.55,27.048,14.472,1.25,16.60889,46.0,1,14.3,0,0,0,0,0,0,0,0.0,95,42,0,11.62357,0.0,0.0,0,1687296930.919,81.45899999999999,42.0,12.66,1003.0,81.22800000000001,0.0
55,54.918,0.0,37.88066,0.01849931,0.0,94.72417,0.006041826,0.0,0.027783,0.0,0.0,0.2536462,0.0,456,80.6,0.0,1,0.1305954,0.002066327,63.20171,0.8610144,81.41,18,3750,3757,83.3,0.0,128.75,114.8,64.31373,0,0.0,4.097772e-16,0.0,80.816,-3.55,27.048,14.472,1.25,16.60889,46.0,1,14.3,0,0,0,0,0,0,0,0.0,95,42,0,11.62357,0.0,0.0,0,1687296931.918,81.45916666666666,42.0,12.66,1003.0,81.22833333333334,0.0
56,55.918,0.0,37.88053,0.01849931,0.0,94.7245,0.006041826,0.0,0.027783,0.0,0.0,0.2536462,0.0,456,80.6,0.0,1,0.1305954,0.002083061,62.694,0.9166933,81.41,18,3755,3771,83.3,0.0,128.75,114.8,64.31373,0,0.0,4.097772e-16,1.59071,80.816,-12.61,27.097,14.453,1.25,16.16943,46.0,1,14.3,0,0,0,0,0,0,0,0.0,95,42,0,11.62357,0.0,0.0,0,1687296932.918,81.45933333333333,42.0,12.66,1003.0,81.22866666666667,0.0
57,56.914,0.0,37.88053,0.01849931,0.0,94.7245,0.006041826,0.0,0.027783,0.0,0.0,0.2536462,0.0,456,80.6,0.0,1,0.1305954,0.002083061,62.694,0.9166933,81.41,18,3755,3771,83.3,0.0,128.75,114.8,64.31373,0,0.0,4.097772e-16,1.59071,80.816,-12.61,27.097,14.453,1.25,16.16943,46.0,1,14.3,0,0,0,0,0,0,0,0.0,95,42,0,11.62357,0.0,0.0,0,1687296933.914,81.45949999999999,42.0,12.66,1003.0,81.229,0.0
58,57.92,0.0,37.88053,0.01849931,0.0,94.7245,0.006041826,0.0,0.027783,0.0,0.0,0.2536462,0.0,456,80.6,0.0,1,0.1305954,0.002083061,62.694,0.9166933,81.41,18,3755,3771,83.3,0.0,128.75,114.8,64.31373,0,0.0,4.097772e-16,1.59071,80.816,-12.61,27.097,14.453,1.25,16.16943,46.0,1,14.3,0,0,0,0,0,0,0,0.0,95,42,0,11.62357,0.0,0.0,0,1687296934.92,81.45966666666666,42.0,12.66,1003.0,81.22933333333334,0.0
59,58.916,268.711,37.88135,0.01849931,0.07292532,94.72484,0.006041826,0.0,0.027783,0.0,0.0,0.2536462,0.0,456,80.6,0.0,1,0.1352054,0.002100217,64.37687,0.9734083,82.04,18,3771,3777,83.3,1742.0,128.75,111.2,64.31373,0,0.0,1.091893,11.13497,80.816,-13.66,27.195,14.414,1.1,16.31958,63.5,1,14.3,0,0,0,0,0,0,0,0.0,95,42,0,11.62357,44.31372,85.09804,0,1687296935.916,81.45983333333332,42.0,12.66,1003.0,81.22966666666667,0.0
60,59.903,268.711,37.88135,0.01849931,0.07292532,94.72484,0.006041826,0.0,0.027783,0.0,0.0,0.2536462,0.0,456,80.6,0.0,1,0.1352054,0.002100217,64.37687,0.9734083,82.04,18,3771,3777,83.3,1742.0,128.75,111.2,64.31373,0,0.0,1.091893,11.13497,80.816,-13.66,27.195,14.414,1.1,16.31958,63.5,1,14.3,0,0,0,0,0,0,0,0.0,95,42,0,11.62357,44.31372,85.09804,0,1687296936.903,81.46,42.0,12.66,1003.0,81.23,0.0
61,60.92,268.711,37.88135,0.01849931,0.07292532,94.72484,0.006041826,0.0,0.027783,0.0,0.0,0.2536462,0.0,456,80.6,0.0,1,0.1352054,0.002100217,64.37687,0.9734083,82.04,18,3771,3777,83.3,1742.0,128.75,111.2,64.31373,0,0.0,1.091893,11.13497,80.816,-13.66,27.195,14.414,1.1,16.31958,63.5,1,14.3,0,0,0,0,0,0,0,0.0,95,42,0,11.62357,44.31372,85.09804,0,1687296937.92,81.45883333333333,42.0,12.66,1003.0,81.22916666666667,0.0
62,61.92,268.711,37.88135,0.01849931,0.07292532,94.72484,0.006041826,0.0,0.027783,0.0,0.0,0.2536462,0.0,456,80.6,0.0,1,0.1352054,0.002100217,64.37687,0.9734083,82.04,18,3771,3777,83.3,1742.0,128.75,111.2,64.31373,0,0.0,1.091893,11.13497,80.816,-13.66,27.195,14.414,1.1,16.31958,63.5,1,14.3,0,0,0,0,0,0,0,0.0,95,42,0,11.62357,44.31372,85.09804,0,1687296938.92,81.45766666666665,42.0,12.66,1003.0,81.22833333333334,0.0
63,62.92,8.343043,37.87188,1.638511,2.348763,94.75522,0.5351331,2418.75,2.46078,44.31372,3.368578,22.4658,89.01961,456,80.6,0.0,2,0.1481802,0.003650865,40.5877,1.034975,82.04,18,3280,4243,83.3,3362.5,128.75,104.0,64.31373,0,-1.160302,2.958927,22.26994,80.816,0.07,27.097,14.394,1.35,16.43921,69.5,1,14.3,0,0,0,0,0,0,0,48.78261,95,46,0,11.62357,61.17647,87.05882,0,1687296939.92,81.45649999999999,42.0,12.66,1003.0,81.2275,0.0
64,63.919,8.343043,37.87188,1.638511,2.348763,94.75522,0.5351331,2418.75,2.46078,44.31372,3.368578,22.4658,89.01961,456,80.6,0.0,2,0.1481802,0.003650865,40.5877,1.034975,82.04,18,3280,4243,83.3,3362.5,128.75,104.0,64.31373,0,-1.160302,2.958927,22.26994,80.816,0.07,27.097,14.394,1.35,16.43921,69.5,1,14.3,0,0,0,0,0,0,0,48.78261,95,46,0,11.62357,61.17647,87.05882,0,1687296940.919,81.45533333333333,42.0,12.66,1003.0,81.22666666666667,0.0
65,64.921,8.343043,37.87188,1.638511,2.348763,94.75522,0.5351331,2418.75,2.46078,44.31372,3.368578,22.4658,89.01961,456,80.6,0.0,2,0.1481802,0.003650865,40.5877,1.034975,82.04,18,3280,4243,83.3,3362.5,128.75,104.0,64.31373,0,-1.160302,2.958927,22.26994,80.816,0.07,27.097,14.394,1.35,16.43921,69.5,1,14.3,0,0,0,0,0,0,0,48.78261,95,46,0,11.62357,61.17647,87.05882,0,1687296941.921,81.45416666666667,42.0,12.66,1003.0,81.22583333333334,0.0
66,65.919,8.343043,37.87188,1.638511,2.348763,94.75522,0.5351331,2418.75,2.46078,44.31372,3.368578,22.4658,89.01961,456,80.6,0.0,2,0.1481802,0.003650865,40.5877,1.034975,82.04,18,3280,4243,83.3,3362.5,128.75,104.0,64.31373,0,-1.160302,2.958927,22.26994,80.816,0.07,27.097,14.394,1.35,16.43921,69.5,1,14.3,0,0,0,0,0,0,0,48.78261,95,46,0,11.62357,61.17647,87.05882,0,1687296942.919,81.45299999999999,42.0,12.66,1003.0,81.22500000000001,0.0
67,66.914,8.343043,37.87188,1.638511,2.348763,94.75522,0.5351331,2418.75,2.46078,44.31372,3.368578,22.4658,89.01961,456,80.6,0.0,2,0.1481802,0.003650865,40.5877,1.034975,82.04,18,3280,4243,83.3,3362.5,128.75,104.0,64.31373,0,-1.160302,2.958927,22.26994,80.816,0.07,27.097,14.394,1.35,16.43921,69.5,1,14.3,0,0,0,0,0,0,0,48.78261,95,46,0,11.62357,61.17647,87.05882,0,1687296943.914,81.45183333333333,42.0,12.66,1003.0,81.22416666666668,0.0
68,67.916,8.343043,37.87188,1.638511,2.348763,94.75522,0.5351331,2418.75,2.46078,44.31372,3.368578,22.4658,89.01961,456,80.6,0.0,2,0.1481802,0.003650865,40.5877,1.034975,82.04,18,3280,4243,83.3,3362.5,128.75,104.0,64.31373,0,-1.160302,2.958927,22.26994,80.816,0.07,27.097,14.394,1.35,16.43921,69.5,1,14.3,0,0,0,0,0,0,0,48.78261,95,46,0,11.62357,61.17647,87.05882,0,1687296944.916,81.45066666666666,42.0,12.66,1003.0,81.22333333333334,0.0
69,68.915,8.343043,37.87188,1.638511,2.348763,94.75522,0.5351331,2418.75,2.46078,44.31372,3.368578,22.4658,89.01961,456,80.6,0.0,2,0.1481802,0.003650865,40.5877,1.034975,82.04,18,3280,4243,83.3,3362.5,128.75,104.0,64.31373,0,-1.160302,2.958927,22.26994,80.816,0.07,27.097,14.394,1.35,16.43921,69.5,1,14.3,0,0,0,0,0,0,0,48.78261,95,46,0,11.62357,61.17647,87.05882,0,1687296945.915,81.4495,42.0,12.66,1003.0,81.22250000000001,0.0
70,69.913,8.343043,37.87188,1.638511,2.348763,94.75522,0.5351331,2418.75,2.46078,44.31372,3.368578,22.4658,89.01961,456,80.6,0.0,2,0.1481802,0.003650865,40.5877,1.034975,82.04,18,3280,4243,83.3,3362.5,128.75,104.0,64.31373,0,-1.160302,2.958927,22.26994,80.816,0.07,27.097,14.394,1.35,16.43921,69.5,1,14.3,0,0,0,0,0,0,0,48.78261,95,46,0,11.62357,61.17647,87.05882,0,1687296946.913,81.44833333333332,42.0,12.66,1003.0,81.22166666666666,0.0
71,70.916,8.343043,37.87188,1.638511,2.348763,94.75522,0.5351331,2418.75,2.46078,44.31372,3.368578,22.4658,89.01961,456,80.6,0.0,2,0.1481802,0.003650865,40.5877,1.034975,82.04,18,3280,4243,83.3,3362.5,128.75,104.0,64.31373,0,-1.160302,2.958927,22.26994,80.816,0.07,27.097,14.394,1.35,16.43921,69.5,1,14.3,0,0,0,0,0,0,0,48.78261,95,46,0,11.62357,61.17647,87.05882,0,1687296947.916,81.44716666666666,42.0,12.66,1003.0,81.22083333333333,0.0
72,71.915,8.343043,37.87188,1.638511,2.348763,94.75522,0.5351331,2418.75,2.46078,44.31372,3.368578,22.4658,89.01961,456,80.6,0.0,2,0.1481802,0.003650865,40.5877,1.034975,82.04,18,3280,4243,83.3,3362.5,128.75,104.0,64.31373,0,-1.160302,2.958927,22.26994,80.816,0.07,27.097,14.394,1.35,16.43921,69.5,1,14.3,0,0,0,0,0,0,0,48.78261,95,46,0,11.62357,61.17647,87.05882,0,1687296948.915,81.446,42.0,12.66,1003.0,81.22,0.0
73,72.909,9.215592,37.85437,2.764469,2.126378,94.8131,0.902868,3494.5,4.131729,49.80392,4.374623,37.90394,78.82353,456,80.6,32.23593,2,0.1753409,0.006605195,26.5459,1.214667,82.04,18,4221,4141,83.3,2855.25,128.75,100.4,64.31373,0,-2.465641,4.122818,35.79098,80.816,-0.76,27.048,14.394,1.3,16.82983,70.5,1,14.3,0,0,0,0,0,0,0,56.96832,95,49,0,11.62357,49.01961,86.66666,0,1687296949.909,81.44483333333334,42.0,12.66,1003.0,81.21916666666667,0.0
74,73.914,9.215592,37.85437,2.764469,2.126378,94.8131,0.902868,3494.5,4.131729,49.80392,4.374623,37.90394,78.82353,456,80.6,32.23593,2,0.1753409,0.006605195,26.5459,1.214667,82.04,18,4221,4141,83.3,2855.25,128.75,100.4,64.31373,0,-2.465641,4.122818,35.79098,80.816,-0.76,27.048,14.394,1.3,16.82983,70.5,1,14.3,0,0,0,0,0,0,0,56.96832,95,49,0,11.62357,49.01961,86.66666,0,1687296950.914,81.44366666666666,42.0,12.66,1003.0,81.21833333333333,0.0
75,74.915,9.215592,37.85437,2.764469,2.126378,94.8131,0.902868,3494.5,4.131729,49.80392,4.374623,37.90394,78.82353,456,80.6,32.23593,2,0.1753409,0.006605195,26.5459,1.214667,82.04,18,4221,4141,83.3,2855.25,128.75,100.4,64.31373,0,-2.465641,4.122818,35.79098,80.816,-0.76,27.048,14.394,1.3,16.82983,70.5,1,14.3,0,0,0,0,0,0,0,56.96832,95,49,0,11.62357,49.01961,86.66666,0,1687296951.915,81.4425,42.0,12.66,1003.0,81.2175,0.0
76,75.914,9.215592,37.85437,2.764469,2.126378,94.8131,0.902868,3494.5,4.131729,49.80392,4.374623,37.90394,78.82353,456,80.6,32.23593,2,0.1753409,0.006605195,26.5459,1.214667,82.04,18,4221,4141,83.3,2855.25,128.75,100.4,64.31373,0,-2.465641,4.122818,35.79098,80.816,-0.76,27.048,14.394,1.3,16.82983,70.5,1,14.3,0,0,0,0,0,0,0,56.96832,95,49,0,11.62357,49.01961,86.66666,0,1687296952.914,81.44133333333333,42.0,12.66,1003.0,81.21666666666667,0.0
77,76.915,9.215592,37.85437,2.764469,2.126378,94.8131,0.902868,3494.5,4.131729,49.80392,4.374623,37.90394,78.82353,456,80.6,32.23593,2,0.1753409,0.006605195,26.5459,1.214667,82.04,18,4221,4141,83.3,2855.25,128.75,100.4,64.31373,0,-2.465641,4.122818,35.79098,80.816,-0.76,27.048,14.394,1.3,16.82983,70.5,1,14.3,0,0,0,0,0,0,0,56.96832,95,49,0,11.62357,49.01961,86.66666,0,1687296953.915,81.44016666666666,42.0,12.66,1003.0,81.21583333333334,0.0
78,77.908,87.03798,37.85437,2.764469,0.2251412,94.8131,0.902868,937.5,0.670761,20.39216,0.968235,37.90394,75.29412,456,80.6,3.622281,4,0.1753409,0.006605195,26.5459,1.214667,82.04,18,4053,4058,82.85,0.0,128.75,104.0,64.31373,0,-4.49617,3.19463,36.58633,80.816,0.0,27.097,14.453,1.25,17.16919,70.5,1,14.3,0,0,0,0,0,0,0,212.3475,95,50,0,11.62357,0.0,0.0,0,1687296954.908,81.439,42.0,12.66,1003.0,81.215,0.0
79,78.909,87.03798,37.85437,2.764469,0.2251412,94.8131,0.902868,937.5,0.670761,20.39216,0.968235,37.90394,75.29412,456,80.6,3.622281,4,0.1753409,0.006605195,26.5459,1.214667,82.04,18,4053,4058,82.85,0.0,128.75,104.0,64.31373,0,-4.49617,3.19463,36.58633,80.816,0.0,27.097,14.453,1.25,17.16919,70.5,1,14.3,0,0,0,0,0,0,0,212.3475,95,50,0,11.62357,0.0,0.0,0,1687296955.909,81.43783333333333,42.0,12.66,1003.0,81.21416666666667,0.0
80,79.911,87.03798,37.85437,2.764469,0.2251412,94.8131,0.902868,937.5,0.670761,20.39216,0.968235,37.90394,75.29412,456,80.6,3.622281,4,0.1753409,0.006605195,26.5459,1.214667,82.04,18,4053,4058,82.85,0.0,128.75,104.0,64.31373,0,-4.49617,3.19463,36.58633,80.816,0.0,27.097,14.453,1.25,17.16919,70.5,1,14.3,0,0,0,0,0,0,0,212.3475,95,50,0,11.62357,0.0,0.0,0,1687296956.911,81.43666666666667,42.0,12.66,1003.0,81.21333333333334,0.0
81,80.914,87.03798,37.85437,2.764469,0.2251412,94.8131,0.902868,937.5,0.670761,20.39216,0.968235,37.90394,75.29412,456,80.6,3.622281,4,0.1753409,0.006605195,26.5459,1.214667,82.04,18,4053,4058,82.85,0.0,128.75,104.0,64.31373,0,-4.49617,3.19463,36.58633,80.816,0.0,27.097,14.453,1.25,17.16919,70.5,1,14.3,0,0,0,0,0,0,0,212.3475,95,50,0,11.62357,0.0,0.0,0,1687296957.914,81.43549999999999,42.0,12.66,1003.0,81.2125,0.0
82,81.916,1709.116,37.86281,0.02035952,0.01146548,94.81358,0.006649364,0.0,0.030429,0.0,0.0,0.2791517,0.0,456,80.6,0.5990792,1,0.217092,0.006629444,32.74664,1.358567,82.04,18,4059,4079,82.85,0.0,128.75,109.4,64.31373,0,0.0,0.2003989,21.47459,80.816,-2.0,27.048,14.472,1.3,17.43896,66.5,1,14.3,0,0,0,0,0,0,0,0.0,95,49,0,11.62357,0.0,0.0,0,1687296958.916,81.43433333333333,42.0,12.66,1003.0,81.21166666666667,0.0
83,82.912,1709.116,37.86281,0.02035952,0.01146548,94.81358,0.006649364,0.0,0.030429,0.0,0.0,0.2791517,0.0,456,80.6,0.5990792,1,0.217092,0.006629444,32.74664,1.358567,82.04,18,4059,4079,82.85,0.0,128.75,109.4,64.31373,0,0.0,0.2003989,21.47459,80.816,-2.0,27.048,14.472,1.3,17.43896,66.5,1,14.3,0,0,0,0,0,0,0,0.0,95,49,0,11.62357,0.0,0.0,0,1687296959.912,81.43316666666666,42.0,12.66,1003.0,81.21083333333334,0.0
84,83.915,1709.116,37.86281,0.02035952,0.01146548,94.81358,0.006649364,0.0,0.030429,0.0,0.0,0.2791517,0.0,456,80.6,0.5990792,1,0.217092,0.006629444,32.74664,1.358567,82.04,18,4059,4079,82.85,0.0,128.75,109.4,64.31373,0,0.0,0.2003989,21.47459,80.816,-2.0,27.048,14.472,1.3,17.43896,66.5,1,14.3,0,0,0,0,0,0,0,0.0,95,49,0,11.62357,0.0,0.0,0,1687296960.915,81.432,42.0,12.66,1003.0,81.21000000000001,0.0
85,84.919,1709.116,37.86281,0.02035952,0.01146548,94.81358,0.006649364,0.0,0.030429,0.0,0.0,0.2791517,0.0,456,80.6,0.5990792,1,0.217092,0.006629444,32.74664,1.358567,82.04,18,4059,4079,82.85,0.0,128.75,109.4,64.31373,0,0.0,0.2003989,21.47459,80.816,-2.0,27.048,14.472,1.3,17.43896,66.5,1,14.3,0,0,0,0,0,0,0,0.0,95,49,0,11.62357,0.0,0.0,0,1687296961.919,81.43083333333333,42.0,12.66,1003.0,81.20916666666668,0.0
86,85.92,841.4166,37.86649,0.01846205,0.0232891,94.81401,0.006029656,0.0,0.027783,0.0,0.0,0.2531353,0.0,456,80.6,0.0,1,0.2357205,0.00665158,35.43827,1.429413,82.04,18,4088,4050,82.85,0.0,128.75,109.4,64.31373,0,0.0,-4.010536,3.181421,80.816,-0.19,27.097,14.453,1.3,16.77979,47.0,1,14.3,0,0,0,0,0,0,0,0.0,95,50,0,11.62357,0.0,0.0,0,1687296962.92,81.42966666666666,42.0,12.66,1003.0,81.20833333333334,0.0
87,86.917,841.4166,37.86649,0.01846205,0.0232891,94.81401,0.006029656,0.0,0.027783,0.0,0.0,0.2531353,0.0,456,80.6,0.0,1,0.2357205,0.00665158,35.43827,1.429413,82.04,18,4088,4050,82.85,0.0,128.75,109.4,64.31373,0,0.0,-4.010536,3.181421,80.816,-0.19,27.097,14.453,1.3,16.77979,47.0,1,14.3,0,0,0,0,0,0,0,0.0,95,50,0,11.62357,0.0,0.0,0,1687296963.917,81.4285,42.0,12.66,1003.0,81.20750000000001,0.0
88,87.914,841.4166,37.86649,0.01846205,0.0232891,94.81401,0.006029656,0.0,0.027783,0.0,0.0,0.2531353,0.0,456,80.6,0.0,1,0.2357205,0.00665158,35.43827,1.429413,82.04,18,4088,4050,82.85,0.0,128.75,109.4,64.31373,0,0.0,-4.010536,3.181421,80.816,-0.19,27.097,14.453,1.3,16.77979,47.0,1,14.3,0,0,0,0,0,0,0,0.0,95,50,0,11.62357,0.0,0.0,0,1687296964.914,81.42733333333334,42.0,12.66,1003.0,81.20666666666668,0.0
89,88.915,841.4166,37.86649,0.01846205,0.0232891,94.81401,0.006029656,0.0,0.027783,0.0,0.0,0.2531353,0.0,456,80.6,0.0,1,0.2357205,0.00665158,35.43827,1.429413,82.04,18,4088,4050,82.85,0.0,128.75,109.4,64.31373,0,0.0,-4.010536,3.181421,80.816,-0.19,27.097,14.453,1.3,16.77979,47.0,1,14.3,0,0,0,0,0,0,0,0.0,95,50,0,11.62357,0.0,0.0,0,1687296965.915,81.42616666666666,42.0,12.66,1003.0,81.20583333333335,0.0
90,89.916,100.7666,37.86677,0.01849931,0.1944675,94.81444,0.006041826,0.0,0.027783,0.0,0.0,0.2536462,0.0,456,80.6,0.0,1,0.2379254,0.006673577,35.65185,1.495275,82.04,18,4051,4050,82.4,0.0,128.75,111.2,64.31373,0,0.0,-5.626385,0.0,80.816,0.0,27.048,14.472,1.35,16.60889,46.0,1,14.3,0,0,0,0,0,0,0,0.0,95,50,0,11.62357,0.0,0.0,0,1687296966.916,81.425,42.0,12.66,1003.0,81.205,0.0
91,90.914,100.7666,37.86677,0.01849931,0.1944675,94.81444,0.006041826,0.0,0.027783,0.0,0.0,0.2536462,0.0,456,80.6,0.0,1,0.2379254,0.006673577,35.65185,1.495275,82.04,18,4051,4050,82.4,0.0,128.75,111.2,64.31373,0,0.0,-5.626385,0.0,80.816,0.0,27.048,14.472,1.35,16.60889,46.0,1,14.3,0,0,0,0,0,0,0,0.0,95,50,0,11.62357,0.0,0.0,0,1687296967.914,81.42383333333333,42.0,12.66,1003.0,81.20416666666667,0.0
92,91.917,100.7666,37.86677,0.01849931,0.1944675,94.81444,0.006041826,0.0,0.027783,0.0,0.0,0.2536462,0.0,456,80.6,0.0,1,0.2379254,0.006673577,35.65185,1.495275,82.04,18,4051,4050,82.4,0.0,128.75,111.2,64.31373,0,0.0,-5.626385,0.0,80.816,0.0,27.048,14.472,1.35,16.60889,46.0,1,14.3,0,0,0,0,0,0,0,0.0,95,50,0,11.62357,0.0,0.0,0,1687296968.917,81.42266666666666,42.0,12.66,1003.0,81.20333333333333,0.0
93,92.916,100.7666,37.86677,0.01849931,0.1944675,94.81444,0.006041826,0.0,0.027783,0.0,0.0,0.2536462,0.0,456,80.6,0.0,1,0.2379254,0.006673577,35.65185,1.495275,82.04,18,4051,4050,82.4,0.0,128.75,111.2,64.31373,0,0.0,-5.626385,0.0,80.816,0.0,27.048,14.472,1.35,16.60889,46.0,1,14.3,0,0,0,0,0,0,0,0.0,95,50,0,11.62357,0.0,0.0,0,1687296969.916,81.4215,42.0,12.66,1003.0,81.2025,0.0
94,93.915,100.7666,37.86677,0.01849931,0.1944675,94.81444,0.006041826,0.0,0.027783,0.0,0.0,0.2536462,0.0,456,80.6,0.0,1,0.2379254,0.006673577,35.65185,1.495275,82.04,18,4051,4050,82.4,0.0,128.75,111.2,64.31373,0,0.0,-5.626385,0.0,80.816,0.0,27.048,14.472,1.35,16.60889,46.0,1,14.3,0,0,0,0,0,0,0,0.0,95,50,0,11.62357,0.0,0.0,0,1687296970.915,81.42033333333333,42.0,12.66,1003.0,81.20166666666667,0.0
95,94.917,0.0,37.86662,0.01857144,0.0,94.81483,0.006065381,0.0,0.027783,0.0,0.0,0.2546351,0.0,500,80.6,0.0,1,0.2379254,0.006693928,35.54346,1.573365,82.04,18,4037,3990,82.4,0.0,128.75,113.0,63.92157,0,0.0,-2.698885,3.976776,80.816,4.77,27.097,14.453,1.35,16.06934,49.0,1,14.3,0,0,0,0,0,0,0,0.0,95,50,0,11.62357,0.0,0.0,0,1687296971.917,81.41916666666667,42.0,12.66,1003.0,81.20083333333334,0.0
96,95.905,0.0,37.86662,0.01857144,0.0,94.81483,0.006065381,0.0,0.027783,0.0,0.0,0.2546351,0.0,500,80.6,0.0,1,0.2379254,0.006693928,35.54346,1.573365,82.04,18,4037,3990,82.4,0.0,128.75,113.0,63.92157,0,0.0,-2.698885,3.976776,80.816,4.77,27.097,14.453,1.35,16.06934,49.0,1,14.3,0,0,0,0,0,0,0,0.0,95,50,0,11.62357,0.0,0.0,0,1687296972.905,81.41799999999999,42.0,12.66,1003.0,81.2,0.0
97,96.907,0.0,37.86662,0.01857144,0.0,94.81483,0.006065381,0.0,0.027783,0.0,0.0,0.2546351,0.0,500,80.6,0.0,1,0.2379254,0.006693928,35.54346,1.573365,82.04,18,4037,3990,82.4,0.0,128.75,113.0,63.92157,0,0.0,-2.698885,3.976776,80.816,4.77,27.097,14.453,1.35,16.06934,49.0,1,14.3,0,0,0,0,0,0,0,0.0,95,50,0,11.62357,0.0,0.0,0,1687296973.907,81.41683333333333,42.0,12.66,1003.0,81.19916666666667,0.0
98,97.916,0.0,37.86662,0.01857144,0.0,94.81483,0.006065381,0.0,0.027783,0.0,0.0,0.2546351,0.0,500,80.6,0.0,1,0.2379254,0.006693928,35.54346,1.573365,82.04,18,4037,3990,82.4,0.0,128.75,113.0,63.92157,0,0.0,-2.698885,3.976776,80.816,4.77,27.097,14.453,1.35,16.06934,49.0,1,14.3,0,0,0,0,0,0,0,0.0,95,50,0,11.62357,0.0,0.0,0,1687296974.916,81.41566666666667,42.0,12.66,1003.0,81.19833333333334,0.0
99,98.915,333.9475,37.8681,0.01860685,0.05867939,94.81531,0.006076947,0.0,0.027783,0.0,0.0,0.2551206,0.0,500,80.6,0.0,1,0.246003,0.006718114,36.61787,1.64027,82.04,18,3977,3921,82.4,0.0,128.75,113.0,63.92157,0,0.0,0.6290878,6.362841,80.816,-1.01,27.048,14.453,1.3,16.28906,51.0,1,14.3,0,0,0,0,0,0,0,0.0,95,50,0,11.09523,0.0,0.0,0,1687296975.915,81.4145,42.0,12.66,1003.0,81.1975,0.0
100,99.907,333.9475,37.8681,0.01860685,0.05867939,94.81531,0.006076947,0.0,0.027783,0.0,0.0,0.2551206,0.0,500,80.6,0.0,1,0.246003,0.006718114,36.61787,1.64027,82.04,18,3977,3921,82.4,0.0,128.75,113.0,63.92157,0,0.0,0.6290878,6.362841,80.816,-1.01,27.048,14.453,1.3,16.28906,51.0,1,14.3,0,0,0,0,0,0,0,0.0,95,50,0,11.09523,0.0,0.0,0,1687296976.907,81.41333333333333,42.0,12.66,1003.0,81.19666666666667,0.0
101,100.914,333.9475,37.8681,0.01860685,0.05867939,94.81531,0.006076947,0.0,0.027783,0.0,0.0,0.2551206,0.0,500,80.6,0.0,1,0.246003,0.006718114,36.61787,1.64027,82.04,18,3977,3921,82.4,0.0,128.75,113.0,63.92157,0,0.0,0.6290878,6.362841,80.816,-1.01,27.048,14.453,1.3,16.28906,51.0,1,14.3,0,0,0,0,0,0,0,0.0,95,50,0,11.09523,0.0,0.0,0,1687296977.914,81.41216666666666,42.0,12.66,1003.0,81.19583333333334,0.0
102,101.917,333.9475,37.8681,0.01860685,0.05867939,94.81531,0.006076947,0.0,0.027783,0.0,0.0,0.2551206,0.0,500,80.6,0.0,1,0.246003,0.006718114,36.61787,1.64027,82.04,18,3977,3921,82.4,0.0,128.75,113.0,63.92157,0,0.0,0.6290878,6.362841,80.816,-1.01,27.048,14.453,1.3,16.28906,51.0,1,14.3,0,0,0,0,0,0,0,0.0,95,50,0,11.09523,0.0,0.0,0,1687296978.917,81.411,42.0,12.66,1003.0,81.19500000000001,0.0
103,102.916,333.9475,37.86937,0.01860685,0.05867939,94.81572,0.006076947,0.0,0.027783,0.0,0.0,0.2551206,0.0,500,80.6,0.0,1,0.252966,0.006738966,37.5378,1.704365,82.04,18,3908,3893,82.85,0.0,128.75,113.0,63.92157,0,0.0,0.9736772,6.362841,80.816,8.07,35.035,14.453,1.3,16.21948,52.0,1,14.3,0,0,0,0,0,0,0,0.0,95,49,0,11.62357,0.0,0.0,0,1687296979.916,81.40983333333334,42.0,12.66,1003.0,81.19416666666667,0.0
104,103.92,333.9475,37.86937,0.01860685,0.05867939,94.81572,0.006076947,0.0,0.027783,0.0,0.0,0.2551206,0.0,500,80.6,0.0,1,0.252966,0.006738966,37.5378,1.704365,82.04,18,3908,3893,82.85,0.0,128.75,113.0,63.92157,0,0.0,0.9736772,6.362841,80.816,8.07,35.035,14.453,1.3,16.21948,52.0,1,14.3,0,0,0,0,0,0,0,0.0,95,49,0,11.62357,0.0,0.0,0,1687296980.92,81.40866666666666,42.0,12.66,1003.0,81.19333333333334,0.0
105,104.918,333.9475,37.86937,0.01860685,0.05867939,94.81572,0.006076947,0.0,0.027783,0.0,0.0,0.2551206,0.0,500,80.6,0.0,1,0.252966,0.006738966,37.5378,1.704365,82.04,18,3908,3893,82.85,0.0,128.75,113.0,63.92157,0,0.0,0.9736772,6.362841,80.816,8.07,35.035,14.453,1.3,16.21948,52.0,1,14.3,0,0,0,0,0,0,0,0.0,95,49,0,11.62357,0.0,0.0,0,1687296981.918,81.4075,42.0,12.66,1003.0,81.19250000000001,0.0
106,105.917,333.9475,37.86937,0.01860685,0.05867939,94.81572,0.006076947,0.0,0.027783,0.0,0.0,0.2551206,0.0,500,80.6,0.0,1,0.252966,0.006738966,37.5378,1.704365,82.04,18,3908,3893,82.85,0.0,128.75,113.0,63.92157,0,0.0,0.9736772,6.362841,80.816,8.07,35.035,14.453,1.3,16.21948,52.0,1,14.3,0,0,0,0,0,0,0,0.0,95,49,0,11.62357,0.0,0.0,0,1687296982.917,81.40633333333334,42.0,12.66,1003.0,81.19166666666668,0.0
107,106.919,333.9475,37.87058,0.01860685,0.05867939,94.81611,0.006076947,0.0,0.027783,0.0,0.0,0.2551206,0.0,500,80.6,0.0,1,0.2595685,0.006758854,38.40422,1.769523,82.04,18,3897,3903,82.85,0.0,128.75,113.0,63.92157,0,0.0,-3.642464e-16,0.7953551,80.816,-17.93,27.146,14.453,1.3,16.21948,46.0,1,14.3,0,0,0,0,0,0,0,0.0,95,50,0,11.62357,0.0,0.0,0,1687296983.919,81.40516666666666,42.0,12.66,1003.0,81.19083333333334,0.0
108,107.909,333.9475,37.87058,0.01860685,0.05867939,94.81611,0.006076947,0.0,0.027783,0.0,0.0,0.2551206,0.0,500,80.6,0.0,1,0.2595685,0.006758854,38.40422,1.769523,82.04,18,3897,3903,82.85,0.0,128.75,113.0,63.92157,0,0.0,-3.642464e-16,0.7953551,80.816,-17.93,27.146,14.453,1.3,16.21948,46.0,1,14.3,0,0,0,0,0,0,0,0.0,95,50,0,11.62357,0.0,0.0,0,1687296984.909,81.404,42.0,12.66,1003.0,81.19000000000001,0.0
109,108.926,333.9475,37.87058,0.01860685,0.05867939,94.81611,0.006076947,0.0,0.027783,0.0,0.0,0.2551206,0.0,500,80.6,0.0,1,0.2595685,0.006758854,38.40422,1.769523,82.04,18,3897,3903,82.85,0.0,128.75,113.0,63.92157,0,0.0,-3.642464e-16,0.7953551,80.816,-17.93,27.146,14.453,1.3,16.21948,46.0,1,14.3,0,0,0,0,0,0,0,0.0,95,50,0,11.62357,0.0,0.0,0,1687296985.926,81.40283333333333,42.0,12.66,1003.0,81.18916666666668,0.0
110,109.908,333.9475,37.87058,0.01860685,0.05867939,94.81611,0.006076947,0.0,0.027783,0.0,0.0,0.2551206,0.0,500,80.6,0.0,1,0.2595685,0.006758854,38.40422,1.769523,82.04,18,3897,3903,82.85,0.0,128.75,113.0,63.92157,0,0.0,-3.642464e-16,0.7953551,80.816,-17.93,27.146,14.453,1.3,16.21948,46.0,1,14.3,0,0,0,0,0,0,0,0.0,95,50,0,11.62357,0.0,0.0,0,1687296986.908,81.40166666666667,42.0,12.66,1003.0,81.18833333333333,0.0
111,110.917,100.1842,37.87084,0.01860685,0.195598,94.81651,0.006076947,0.0,0.027783,0.0,0.0,0.2551206,0.0,500,80.6,0.0,1,0.2615945,0.006779071,38.58855,1.841979,82.67,18,3891,3882,82.85,0.0,128.75,113.0,63.92157,0,0.0,-0.8152137,0.0,80.816,-0.03,27.097,14.472,1.3,16.23901,46.0,1,14.3,0,0,0,0,0,0,0,0.0,95,49,0,11.62357,0.0,0.0,0,1687296987.917,81.4005,42.0,12.66,1003.0,81.1875,0.0
112,111.916,100.1842,37.87084,0.01860685,0.195598,94.81651,0.006076947,0.0,0.027783,0.0,0.0,0.2551206,0.0,500,80.6,0.0,1,0.2615945,0.006779071,38.58855,1.841979,82.67,18,3891,3882,82.85,0.0,128.75,113.0,63.92157,0,0.0,-0.8152137,0.0,80.816,-0.03,27.097,14.472,1.3,16.23901,46.0,1,14.3,0,0,0,0,0,0,0,0.0,95,49,0,11.62357,0.0,0.0,0,1687296988.916,81.39933333333333,42.0,12.66,1003.0,81.18666666666667,0.0
113,112.917,100.1842,37.87084,0.01860685,0.195598,94.81651,0.006076947,0.0,0.027783,0.0,0.0,0.2551206,0.0,500,80.6,0.0,1,0.2615945,0.006779071,38.58855,1.841979,82.67,18,3891,3882,82.85,0.0,128.75,113.0,63.92157,0,0.0,-0.8152137,0.0,80.816,-0.03,27.097,14.472,1.3,16.23901,46.0,1,14.3,0,0,0,0,0,0,0,0.0,95,49,0,11.62357,0.0,0.0,0,1687296989.917,81.39816666666667,42.0,12.66,1003.0,81.18583333333333,0.0
114,113.918,100.1842,37.87084,0.01860685,0.195598,94.81651,0.006076947,0.0,0.027783,0.0,0.0,0.2551206,0.0,500,80.6,0.0,1,0.2615945,0.006779071,38.58855,1.841979,82.67,18,3891,3882,82.85,0.0,128.75,113.0,63.92157,0,0.0,-0.8152137,0.0,80.816,-0.03,27.097,14.472,1.3,16.23901,46.0,1,14.3,0,0,0,0,0,0,0,0.0,95,49,0,11.62357,0.0,0.0,0,1687296990.918,81.397,42.0,12.66,1003.0,81.185,0.0
115,114.919,100.1842,37.87084,0.01860685,0.195598,94.81651,0.006076947,0.0,0.027783,0.0,0.0,0.2551206,0.0,500,80.6,0.0,1,0.2615945,0.006779071,38.58855,1.841979,82.67,18,3891,3882,82.85,0.0,128.75,113.0,63.92157,0,0.0,-0.8152137,0.0,80.816,-0.03,27.097,14.472,1.3,16.23901,46.0,1,14.3,0,0,0,0,0,0,0,0.0,95,49,0,11.62357,0.0,0.0,0,1687296991.919,81.39583333333333,42.0,12.66,1003.0,81.18416666666667,0.0
116,115.918,0.0,37.87066,0.01860685,0.0,94.81695,0.006076947,0.0,0.027783,0.0,0.0,0.2551206,0.0,500,80.6,0.0,1,0.2615945,0.006801663,38.46038,1.926957,82.67,18,3881,3878,82.85,0.0,128.75,113.0,63.92157,0,0.0,-1.126418,0.0,80.816,0.07,27.097,14.453,1.3,16.18896,46.0,1,14.3,0,0,0,0,0,0,0,0.0,95,49,0,11.62357,0.0,0.0,0,1687296992.918,81.39466666666667,42.0,12.66,1003.0,81.18333333333334,0.0
117,116.91,0.0,37.87066,0.01860685,0.0,94.81695,0.006076947,0.0,0.027783,0.0,0.0,0.2551206,0.0,500,80.6,0.0,1,0.2615945,0.006801663,38.46038,1.926957,82.67,18,3881,3878,82.85,0.0,128.75,113.0,63.92157,0,0.0,-1.126418,0.0,80.816,0.07,27.097,14.453,1.3,16.18896,46.0,1,14.3,0,0,0,0,0,0,0,0.0,95,49,0,11.62357,0.0,0.0,0,1687296993.91,81.3935,42.0,12.66,1003.0,81.1825,0.0
118,117.908,0.0,37.87066,0.01860685,0.0,94.81695,0.006076947,0.0,0.027783,0.0,0.0,0.2551206,0.0,500,80.6,0.0,1,0.2615945,0.006801663,38.46038,1.926957,82.67,18,3881,3878,82.85,0.0,128.75,113.0,63.92157,0,0.0,-1.126418,0.0,80.816,0.07,27.097,14.453,1.3,16.18896,46.0,1,14.3,0,0,0,0,0,0,0,0.0,95,49,0,11.62357,0.0,0.0,0,1687296994.908,81.39233333333334,42.0,12.66,1003.0,81.18166666666667,0.0
119,118.909,0.0,37.87066,0.01860685,0.0,94.81695,0.006076947,0.0,0.027783,0.0,0.0,0.2551206,0.0,500,80.6,0.0,1,0.2615945,0.006801663,38.46038,1.926957,82.67,18,3881,3878,82.85,0.0,128.75,113.0,63.92157,0,0.0,-1.126418,0.0,80.816,0.07,27.097,14.453,1.3,16.18896,46.0,1,14.3,0,0,0,0,0,0,0,0.0,95,49,0,11.62357,0.0,0.0,0,1687296995.909,81.39116666666666,42.0,12.66,1003.0,81.18083333333334,0.0
120,119.914,0.0,37.87066,0.01860685,0.0,94.81695,0.006076947,0.0,0.027783,0.0,0.0,0.2551206,0.0,500,80.6,0.0,1,0.2615945,0.006801663,38.46038,1.926957,82.67,18,3881,3878,82.85,0.0,128.75,113.0,63.92157,0,0.0,-1.126418,0.0,80.816,0.07,27.097,14.453,1.3,16.18896,46.0,1,14.3,0,0,0,0,0,0,0,0.0,95,49,0,11.62357,0.0,0.0,0,1687296996.914,81.39,42.0,12.66,1003.0,81.18,0.0
121,120.92,0.0,37.87046,0.01860685,0.0,94.81746,0.006076947,0.0,0.027783,0.0,0.0,0.2551206,0.0,500,80.6,0.0,1,0.2615945,0.006827834,38.31297,2.007485,82.67,18,3848,3840,82.85,0.0,128.75,114.8,63.92157,0,0.0,-0.311204,0.0,80.816,0.0,27.048,14.472,1.3,16.1499,46.0,1,14.3,0,0,0,0,0,0,0,0.0,95,49,0,11.62357,0.0,0.0,0,1687296997.92,81.39,42.0,12.66,1003.0,81.18,0.0
122,121.917,0.0,37.87046,0.01860685,0.0,94.81746,0.006076947,0.0,0.027783,0.0,0.0,0.2551206,0.0,500,80.6,0.0,1,0.2615945,0.006827834,38.31297,2.007485,82.67,18,3848,3840,82.85,0.0,128.75,114.8,63.92157,0,0.0,-0.311204,0.0,80.816,0.0,27.048,14.472,1.3,16.1499,46.0,1,14.3,0,0,0,0,0,0,0,0.0,95,49,0,11.62357,0.0,0.0,0,1687296998.917,81.39,42.0,12.66,1003.0,81.18,0.0
123,122.91,0.0,37.87046,0.01860685,0.0,94.81746,0.006076947,0.0,0.027783,0.0,0.0,0.2551206,0.0,500,80.6,0.0,1,0.2615945,0.006827834,38.31297,2.007485,82.67,18,3848,3840,82.85,0.0,128.75,114.8,63.92157,0,0.0,-0.311204,0.0,80.816,0.0,27.048,14.472,1.3,16.1499,46.0,1,14.3,0,0,0,0,0,0,0,0.0,95,49,0,11.62357,0.0,0.0,0,1687296999.91,81.39,42.0,12.66,1003.0,81.18,0.0
124,123.917,0.0,37.87027,0.01857144,0.0,94.81794,0.006065381,0.0,0.027783,0.0,0.0,0.2546351,0.0,500,80.6,0.0,1,0.2615945,0.006852295,38.17619,2.06532,82.67,18,3832,3820,82.85,0.0,128.75,114.8,63.92157,0,0.0,-3.642464e-16,0.0,80.816,0.03,27.048,14.472,1.3,16.1499,46.0,1,14.3,0,0,0,0,0,0,0,0.0,95,49,0,11.62357,0.0,0.0,0,1687297000.917,81.39,42.0,12.66,1003.0,81.18,0.0
125,124.918,0.0,37.87027,0.01857144,0.0,94.81794,0.006065381,0.0,0.027783,0.0,0.0,0.2546351,0.0,500,80.6,0.0,1,0.2615945,0.006852295,38.17619,2.06532,82.67,18,3832,3820,82.85,0.0,128.75,114.8,63.92157,0,0.0,-3.642464e-16,0.0,80.816,0.03,27.048,14.472,1.3,16.1499,46.0,1,14.3,0,0,0,0,0,0,0,0.0,95,49,0,11.62357,0.0,0.0,0,1687297001.918,81.39,42.0,12.66,1003.0,81.18,0.0
126,125.921,0.0,37.87027,0.01857144,0.0,94.81794,0.006065381,0.0,0.027783,0.0,0.0,0.2546351,0.0,500,80.6,0.0,1,0.2615945,0.006852295,38.17619,2.06532,82.67,18,3832,3820,82.85,0.0,128.75,114.8,63.92157,0,0.0,-3.642464e-16,0.0,80.816,0.03,27.048,14.472,1.3,16.1499,46.0,1,14.3,0,0,0,0,0,0,0,0.0,95,49,0,11.62357,0.0,0.0,0,1687297002.921,81.39,42.0,12.66,1003.0,81.18,0.0
127,126.917,0.0,37.87027,0.01857144,0.0,94.81794,0.006065381,0.0,0.027783,0.0,0.0,0.2546351,0.0,500,80.6,0.0,1,0.2615945,0.006852295,38.17619,2.06532,82.67,18,3832,3820,82.85,0.0,128.75,114.8,63.92157,0,0.0,-3.642464e-16,0.0,80.816,0.03,27.048,14.472,1.3,16.1499,46.0,1,14.3,0,0,0,0,0,0,0,0.0,95,49,0,11.62357,0.0,0.0,0,1687297003.917,81.39,42.0,12.66,1003.0,81.18,0.0
128,127.909,0.0,37.87012,0.01857144,0.0,94.81829,0.006065381,0.0,0.027783,0.0,0.0,0.2546351,0.0,500,80.6,0.0,1,0.2615945,0.006870329,38.07598,2.125095,83.3,18,3822,3817,82.85,0.0,128.75,114.8,63.92157,0,0.0,-3.642464e-16,0.0,80.816,-0.06,27.048,14.453,1.3,16.1499,46.0,1,14.3,0,0,0,0,0,0,0,0.0,95,49,0,11.62357,0.0,0.0,0,1687297004.909,81.39,42.0,12.66,1003.0,81.18,0.0
129,128.912,0.0,37.87012,0.01857144,0.0,94.81829,0.006065381,0.0,0.027783,0.0,0.0,0.2546351,0.0,500,80.6,0.0,1,0.2615945,0.006870329,38.07598,2.125095,83.3,18,3822,3817,82.85,0.0,128.75,114.8,63.92157,0,0.0,-3.642464e-16,0.0,80.816,-0.06,27.048,14.453,1.3,16.1499,46.0,1,14.3,0,0,0,0,0,0,0,0.0,95,49,0,11.62357,0.0,0.0,0,1687297005.912,81.39,42.0,12.66,1003.0,81.18,0.0
130,129.914,0.0,37.87012,0.01857144,0.0,94.81829,0.006065381,0.0,0.027783,0.0,0.0,0.2546351,0.0,500,80.6,0.0,1,0.2615945,0.006870329,38.07598,2.125095,83.3,18,3822,3817,82.85,0.0,128.75,114.8,63.92157,0,0.0,-3.642464e-16,0.0,80.816,-0.06,27.048,14.453,1.3,16.1499,46.0,1,14.3,0,0,0,0,0,0,0,0.0,95,49,0,11.62357,0.0,0.0,0,1687297006.914,81.39,42.0,12.66,1003.0,81.18,0.0
131,130.918,0.0,37.87012,0.01857144,0.0,94.81829,0.006065381,0.0,0.027783,0.0,0.0,0.2546351,0.0,500,80.6,0.0,1,0.2615945,0.006870329,38.07598,2.125095,83.3,18,3822,3817,82.85,0.0,128.75,114.8,63.92157,0,0.0,-3.642464e-16,0.0,80.816,-0.06,27.048,14.453,1.3,16.1499,46.0,1,14.3,0,0,0,0,0,0,0,0.0,95,49,0,11.62357,0.0,0.0,0,1687297007.918,81.39,42.0,12.66,1003.0,81.18,0.0
132,131.917,0.0,37.86998,0.01857144,0.0,94.81866,0.006065381,0.0,0.027783,0.0,0.0,0.2546351,0.0,500,80.6,0.0,1,0.2615945,0.006888765,37.97408,2.182729,83.3,18,3816,3817,82.85,0.0,128.75,114.8,63.92157,0,0.0,-3.642464e-16,0.0,80.816,-0.06,27.048,14.453,1.3,16.09985,46.0,1,14.3,0,0,0,0,0,0,0,0.0,95,49,0,11.62357,0.0,0.0,0,1687297008.917,81.39,42.0,12.66,1003.0,81.18,0.0
133,132.918,0.0,37.86998,0.01857144,0.0,94.81866,0.006065381,0.0,0.027783,0.0,0.0,0.2546351,0.0,500,80.6,0.0,1,0.2615945,0.006888765,37.97408,2.182729,83.3,18,3816,3817,82.85,0.0,128.75,114.8,63.92157,0,0.0,-3.642464e-16,0.0,80.816,-0.06,27.048,14.453,1.3,16.09985,46.0,1,14.3,0,0,0,0,0,0,0,0.0,95,49,0,11.62357,0.0,0.0,0,1687297009.918,81.39,42.0,12.66,1003.0,81.18,0.0
134,133.917,0.0,37.86998,0.01857144,0.0,94.81866,0.006065381,0.0,0.027783,0.0,0.0,0.2546351,0.0,500,80.6,0.0,1,0.2615945,0.006888765,37.97408,2.182729,83.3,18,3816,3817,82.85,0.0,128.75,114.8,63.92157,0,0.0,-3.642464e-16,0.0,80.816,-0.06,27.048,14.453,1.3,16.09985,46.0,1,14.3,0,0,0,0,0,0,0,0.0,95,49,0,11.62357,0.0,0.0,0,1687297010.917,81.39,42.0,12.66,1003.0,81.18,0.0
135,134.918,0.0,37.86984,0.01857144,0.0,94.81901,0.006065381,0.0,0.027783,0.0,0.0,0.2546351,0.0,540,80.6,0.0,1,0.2615945,0.006906796,37.87495,2.24227,83.3,18,3813,3817,82.4,0.0,128.75,114.8,62.35294,0,0.0,-3.642464e-16,0.0,80.816,0.08,27.048,14.453,1.3,16.09985,46.0,1,14.3,0,0,0,0,0,0,0,0.0,95,49,0,11.62357,0.0,0.0,0,1687297011.918,81.39,42.0,12.66,1003.0,81.18,0.0
136,135.918,0.0,37.86984,0.01857144,0.0,94.81901,0.006065381,0.0,0.027783,0.0,0.0,0.2546351,0.0,540,80.6,0.0,1,0.2615945,0.006906796,37.87495,2.24227,83.3,18,3813,3817,82.4,0.0,128.75,114.8,62.35294,0,0.0,-3.642464e-16,0.0,80.816,0.08,27.048,14.453,1.3,16.09985,46.0,1,14.3,0,0,0,0,0,0,0,0.0,95,49,0,11.62357,0.0,0.0,0,1687297012.918,81.39,42.0,12.66,1003.0,81.18,0.0
137,136.953,0.0,37.86984,0.01857144,0.0,94.81901,0.006065381,0.0,0.027783,0.0,0.0,0.2546351,0.0,540,80.6,0.0,1,0.2615945,0.006906796,37.87495,2.24227,83.3,18,3813,3817,82.4,0.0,128.75,114.8,62.35294,0,0.0,-3.642464e-16,0.0,80.816,0.08,27.048,14.453,1.3,16.09985,46.0,1,14.3,0,0,0,0,0,0,0,0.0,95,49,0,11.62357,0.0,0.0,0,1687297013.953,81.39,42.0,12.66,1003.0,81.18,0.0
138,137.917,0.0,37.8697,0.01857144,0.0,94.81937,0.006065381,0.0,0.027783,0.0,0.0,0.2546351,0.0,540,80.6,0.0,1,0.2615945,0.00692502,37.77528,2.294827,83.3,18,3816,3826,82.4,0.0,128.75,114.8,62.35294,0,0.0,-3.642464e-16,0.0,80.816,0.0,27.048,14.453,1.3,16.06934,46.0,1,14.3,0,0,0,0,0,0,0,0.0,95,48,0,11.62357,0.0,0.0,0,1687297014.917,81.39,42.0,12.66,1003.0,81.18,0.0
139,138.92,0.0,37.8697,0.01857144,0.0,94.81937,0.006065381,0.0,0.027783,0.0,0.0,0.2546351,0.0,540,80.6,0.0,1,0.2615945,0.00692502,37.77528,2.294827,83.3,18,3816,3826,82.4,0.0,128.75,114.8,62.35294,0,0.0,-3.642464e-16,0.0,80.816,0.0,27.048,14.453,1.3,16.06934,46.0,1,14.3,0,0,0,0,0,0,0,0.0,95,48,0,11.62357,0.0,0.0,0,1687297015.92,81.39,42.0,12.66,1003.0,81.18,0.0
140,139.917,0.0,37.8697,0.01857144,0.0,94.81937,0.006065381,0.0,0.027783,0.0,0.0,0.2546351,0.0,540,80.6,0.0,1,0.2615945,0.00692502,37.77528,2.294827,83.3,18,3816,3826,82.4,0.0,128.75,114.8,62.35294,0,0.0,-3.642464e-16,0.0,80.816,0.0,27.048,14.453,1.3,16.06934,46.0,1,14.3,0,0,0,0,0,0,0,0.0,95,48,0,11.62357,0.0,0.0,0,1687297016.917,81.39,42.0,12.66,1003.0,81.18,0.0
141,140.913,0.0,37.8697,0.01857144,0.0,94.81937,0.006065381,0.0,0.027783,0.0,0.0,0.2546351,0.0,540,80.6,0.0,1,0.2615945,0.00692502,37.77528,2.294827,83.3,18,3816,3826,82.4,0.0,128.75,114.8,62.35294,0,0.0,-3.642464e-16,0.0,80.816,0.0,27.048,14.453,1.3,16.06934,46.0,1,14.3,0,0,0,0,0,0,0,0.0,95,48,0,11.62357,0.0,0.0,0,1687297017.913,81.39,42.0,12.66,1003.0,81.18,0.0
142,141.909,0.0,37.8697,0.01857144,0.0,94.81937,0.006065381,0.0,0.027783,0.0,0.0,0.2546351,0.0,540,80.6,0.0,1,0.2615945,0.00692502,37.77528,2.294827,83.3,18,3816,3826,82.4,0.0,128.75,114.8,62.35294,0,0.0,-3.642464e-16,0.0,80.816,0.0,27.048,14.453,1.3,16.06934,46.0,1,14.3,0,0,0,0,0,0,0,0.0,95,48,0,11.62357,0.0,0.0,0,1687297018.909,81.39,42.0,12.66,1003.0,81.18,0.0
143,142.919,0.0,37.8697,0.01857144,0.0,94.81937,0.006065381,0.0,0.027783,0.0,0.0,0.2546351,0.0,540,80.6,0.0,1,0.2615945,0.00692502,37.77528,2.294827,83.3,18,3816,3826,82.4,0.0,128.75,114.8,62.35294,0,0.0,-3.642464e-16,0.0,80.816,0.0,27.048,14.453,1.3,16.06934,46.0,1,14.3,0,0,0,0,0,0,0,0.0,95,48,0,11.62357,0.0,0.0,0,1687297019.919,81.39,42.0,12.66,1003.0,81.18,0.0
144,143.918,0.0,37.8697,0.01857144,0.0,94.81937,0.006065381,0.0,0.027783,0.0,0.0,0.2546351,0.0,540,80.6,0.0,1,0.2615945,0.00692502,37.77528,2.294827,83.3,18,3816,3826,82.4,0.0,128.75,114.8,62.35294,0,0.0,-3.642464e-16,0.0,80.816,0.0,27.048,14.453,1.3,16.06934,46.0,1,14.3,0,0,0,0,0,0,0,0.0,95,48,0,11.62357,0.0,0.0,0,1687297020.918,81.39,42.0,12.66,1003.0,81.18,0.0
145,144.917,0.0,37.8697,0.01857144,0.0,94.81937,0.006065381,0.0,0.027783,0.0,0.0,0.2546351,0.0,540,80.6,0.0,1,0.2615945,0.00692502,37.77528,2.294827,83.3,18,3816,3826,82.4,0.0,128.75,114.8,62.35294,0,0.0,-3.642464e-16,0.0,80.816,0.0,27.048,14.453,1.3,16.06934,46.0,1,14.3,0,0,0,0,0,0,0,0.0,95,48,0,11.62357,0.0,0.0,0,1687297021.917,81.39,42.0,12.66,1003.0,81.18,0.0
146,145.908,0.0,37.8697,0.01857144,0.0,94.81937,0.006065381,0.0,0.027783,0.0,0.0,0.2546351,0.0,540,80.6,0.0,1,0.2615945,0.00692502,37.77528,2.294827,83.3,18,3816,3826,82.4,0.0,128.75,114.8,62.35294,0,0.0,-3.642464e-16,0.0,80.816,0.0,27.048,14.453,1.3,16.06934,46.0,1,14.3,0,0,0,0,0,0,0,0.0,95,48,0,11.62357,0.0,0.0,0,1687297022.908,81.39,42.0,12.66,1003.0,81.18,0.0
147,146.917,0.0,37.8697,0.01857144,0.0,94.81937,0.006065381,0.0,0.027783,0.0,0.0,0.2546351,0.0,540,80.6,0.0,1,0.2615945,0.00692502,37.77528,2.294827,83.3,18,3816,3826,82.4,0.0,128.75,114.8,62.35294,0,0.0,-3.642464e-16,0.0,80.816,0.0,27.048,14.453,1.3,16.06934,46.0,1,14.3,0,0,0,0,0,0,0,0.0,95,48,0,11.62357,0.0,0.0,0,1687297023.917,81.39,42.0,12.66,1003.0,81.18,0.0
148,147.903,0.0,37.8697,0.01857144,0.0,94.81937,0.006065381,0.0,0.027783,0.0,0.0,0.2546351,0.0,540,80.6,0.0,1,0.2615945,0.00692502,37.77528,2.294827,83.3,18,3816,3826,82.4,0.0,128.75,114.8,62.35294,0,0.0,-3.642464e-16,0.0,80.816,0.0,27.048,14.453,1.3,16.06934,46.0,1,14.3,0,0,0,0,0,0,0,0.0,95,48,0,11.62357,0.0,0.0,0,1687297024.903,81.39,42.0,12.66,1003.0,81.18,0.0
149,148.902,0.0,37.8697,0.01857144,0.0,94.81937,0.006065381,0.0,0.027783,0.0,0.0,0.2546351,0.0,540,80.6,0.0,1,0.2615945,0.00692502,37.77528,2.294827,83.3,18,3816,3826,82.4,0.0,128.75,114.8,62.35294,0,0.0,-3.642464e-16,0.0,80.816,0.0,27.048,14.453,1.3,16.06934,46.0,1,14.3,0,0,0,0,0,0,0,0.0,95,48,0,11.62357,0.0,0.0,0,1687297025.902,81.39,42.0,12.66,1003.0,81.18,0.0
150,149.913,0.0,37.8697,0.01857144,0.0,94.81937,0.006065381,0.0,0.027783,0.0,0.0,0.2546351,0.0,540,80.6,0.0,1,0.2615945,0.00692502,37.77528,2.294827,83.3,18,3816,3826,82.4,0.0,128.75,114.8,62.35294,0,0.0,-3.642464e-16,0.0,80.816,0.0,27.048,14.453,1.3,16.06934,46.0,1,14.3,0,0,0,0,0,0,0,0.0,95,48,0,11.62357,0.0,0.0,0,1687297026.913,81.39,42.0,12.66,1003.0,81.18,0.0
151,150.909,0.0,37.8697,0.01857144,0.0,94.81937,0.006065381,0.0,0.027783,0.0,0.0,0.2546351,0.0,540,80.6,0.0,1,0.2615945,0.00692502,37.77528,2.294827,83.3,18,3816,3826,82.4,0.0,128.75,114.8,62.35294,0,0.0,-3.642464e-16,0.0,80.816,0.0,27.048,14.453,1.3,16.06934,46.0,1,14.3,0,0,0,0,0,0,0,0.0,95,48,0,11.62357,0.0,0.0,0,1687297027.909,81.39,42.0,12.66,1003.0,81.18,0.0
152,152.902,0.0,37.8697,0.01857144,0.0,94.81937,0.006065381,0.0,0.027783,0.0,0.0,0.2546351,0.0,540,80.6,0.0,1,0.2615945,0.00692502,37.77528,2.294827,83.3,18,3816,3826,82.4,0.0,128.75,114.8,62.35294,0,0.0,-3.642464e-16,0.0,80.816,0.0,27.048,14.453,1.3,16.06934,46.0,1,14.3,0,0,0,0,0,0,0,0.0,95,48,0,11.62357,0.0,0.0,0,1687297029.902,81.39,42.0,12.66,1003.0,81.18,0.0
153,153.913,0.0,37.8697,0.01857144,0.0,94.81937,0.006065381,0.0,0.027783,0.0,0.0,0.2546351,0.0,540,80.6,0.0,1,0.2615945,0.00692502,37.77528,2.294827,83.3,18,3816,3826,82.4,0.0,128.75,114.8,62.35294,0,0.0,-3.642464e-16,0.0,80.816,0.0,27.048,14.453,1.3,16.06934,46.0,1,14.3,0,0,0,0,0,0,0,0.0,95,48,0,11.62357,0.0,0.0,0,1687297030.913,81.39,42.0,12.66,1003.0,81.18,0.0
154,154.909,0.0,37.8697,0.01857144,0.0,94.81937,0.006065381,0.0,0.027783,0.0,0.0,0.2546351,0.0,540,80.6,0.0,1,0.2615945,0.00692502,37.77528,2.294827,83.3,18,3816,3826,82.4,0.0,128.75,114.8,62.35294,0,0.0,-3.642464e-16,0.0,80.816,0.0,27.048,14.453,1.3,16.06934,46.0,1,14.3,0,0,0,0,0,0,0,0.0,95,48,0,11.62357,0.0,0.0,0,1687297031.909,81.39,42.0,12.66,1003.0,81.18,0.0
155,155.91,0.0,37.8697,0.01857144,0.0,94.81937,0.006065381,0.0,0.027783,0.0,0.0,0.2546351,0.0,540,80.6,0.0,1,0.2615945,0.00692502,37.77528,2.294827,83.3,18,3816,3826,82.4,0.0,128.75,114.8,62.35294,0,0.0,-3.642464e-16,0.0,80.816,0.0,27.048,14.453,1.3,16.06934,46.0,1,14.3,0,0,0,0,0,0,0,0.0,95,48,0,11.62357,0.0,0.0,0,1687297032.91,81.39,42.0,12.66,1003.0,81.18,0.0
156,156.91,0.0,37.8697,0.01857144,0.0,94.81937,0.006065381,0.0,0.027783,0.0,0.0,0.2546351,0.0,540,80.6,0.0,1,0.2615945,0.00692502,37.77528,2.294827,83.3,18,3816,3826,82.4,0.0,128.75,114.8,62.35294,0,0.0,-3.642464e-16,0.0,80.816,0.0,27.048,14.453,1.3,16.06934,46.0,1,14.3,0,0,0,0,0,0,0,0.0,95,48,0,11.62357,0.0,0.0,0,1687297033.91,81.39,42.0,12.66,1003.0,81.18,0.0
157,157.913,0.0,37.8697,0.01857144,0.0,94.81937,0.006065381,0.0,0.027783,0.0,0.0,0.2546351,0.0,540,80.6,0.0,1,0.2615945,0.00692502,37.77528,2.294827,83.3,18,3816,3826,82.4,0.0,128.75,114.8,62.35294,0,0.0,-3.642464e-16,0.0,80.816,0.0,27.048,14.453,1.3,16.06934,46.0,1,14.3,0,0,0,0,0,0,0,0.0,95,48,0,11.62357,0.0,0.0,0,1687297034.913,81.39,42.0,12.66,1003.0,81.18,0.0
158,158.916,0.0,37.8697,0.01857144,0.0,94.81937,0.006065381,0.0,0.027783,0.0,0.0,0.2546351,0.0,540,80.6,0.0,1,0.2615945,0.00692502,37.77528,2.294827,83.3,18,3816,3826,82.4,0.0,128.75,114.8,62.35294,0,0.0,-3.642464e-16,0.0,80.816,0.0,27.048,14.453,1.3,16.06934,46.0,1,14.3,0,0,0,0,0,0,0,0.0,95,48,0,11.62357,0.0,0.0,0,1687297035.916,81.39,42.0,12.66,1003.0,81.18,0.0
159,159.912,0.0,37.8697,0.01857144,0.0,94.81937,0.006065381,0.0,0.027783,0.0,0.0,0.2546351,0.0,540,80.6,0.0,1,0.2615945,0.00692502,37.77528,2.294827,83.3,18,3816,3826,82.4,0.0,128.75,114.8,62.35294,0,0.0,-3.642464e-16,0.0,80.816,0.0,27.048,14.453,1.3,16.06934,46.0,1,14.3,0,0,0,0,0,0,0,0.0,95,48,0,11.62357,0.0,0.0,0,1687297036.912,81.39,42.0,12.66,1003.0,81.18,0.0
160,160.911,0.0,37.8697,0.01857144,0.0,94.81937,0.006065381,0.0,0.027783,0.0,0.0,0.2546351,0.0,540,80.6,0.0,1,0.2615945,0.00692502,37.77528,2.294827,83.3,18,3816,3826,82.4,0.0,128.75,114.8,62.35294,0,0.0,-3.642464e-16,0.0,80.816,0.0,27.048,14.453,1.3,16.06934,46.0,1,14.3,0,0,0,0,0,0,0,0.0,95,48,0,11.62357,0.0,0.0,0,1687297037.911,81.39,42.0,12.66,1003.0,81.18,0.0
161,161.908,0.0,37.8697,0.01857144,0.0,94.81937,0.006065381,0.0,0.027783,0.0,0.0,0.2546351,0.0,540,80.6,0.0,1,0.2615945,0.00692502,37.77528,2.294827,83.3,18,3816,3826,82.4,0.0,128.75,114.8,62.35294,0,0.0,-3.642464e-16,0.0,80.816,0.0,27.048,14.453,1.3,16.06934,46.0,1,14.3,0,0,0,0,0,0,0,0.0,95,48,0,11.62357,0.0,0.0,0,1687297038.908,81.39,42.0,12.66,1003.0,81.18,0.0
162,162.909,0.0,37.8697,0.01857144,0.0,94.81937,0.006065381,0.0,0.027783,0.0,0.0,0.2546351,0.0,540,80.6,0.0,1,0.2615945,0.00692502,37.77528,2.294827,83.3,18,3816,3826,82.4,0.0,128.75,114.8,62.35294,0,0.0,-3.642464e-16,0.0,80.816,0.0,27.048,14.453,1.3,16.06934,46.0,1,14.3,0,0,0,0,0,0,0,0.0,95,48,0,11.62357,0.0,0.0,0,1687297039.909,81.39,42.0,12.66,1003.0,81.18,0.0
163,163.908,0.0,37.8697,0.01857144,0.0,94.81937,0.006065381,0.0,0.027783,0.0,0.0,0.2546351,0.0,540,80.6,0.0,1,0.2615945,0.00692502,37.77528,2.294827,83.3,18,3816,3826,82.4,0.0,128.75,114.8,62.35294,0,0.0,-3.642464e-16,0.0,80.816,0.0,27.048,14.453,1.3,16.06934,46.0,1,14.3,0,0,0,0,0,0,0,0.0,95,48,0,11.62357,0.0,0.0,0,1687297040.908,81.39,42.0,12.66,1003.0,81.18,0.0
164,164.906,0.0,37.8697,0.01857144,0.0,94.81937,0.006065381,0.0,0.027783,0.0,0.0,0.2546351,0.0,540,80.6,0.0,1,0.2615945,0.00692502,37.77528,2.294827,83.3,18,3816,3826,82.4,0.0,128.75,114.8,62.35294,0,0.0,-3.642464e-16,0.0,80.816,0.0,27.048,14.453,1.3,16.06934,46.0,1,14.3,0,0,0,0,0,0,0,0.0,95,48,0,11.62357,0.0,0.0,0,1687297041.906,81.39,42.0,12.66,1003.0,81.18,0.0
165,165.907,0.0,37.8697,0.01857144,0.0,94.81937,0.006065381,0.0,0.027783,0.0,0.0,0.2546351,0.0,540,80.6,0.0,1,0.2615945,0.00692502,37.77528,2.294827,83.3,18,3816,3826,82.4,0.0,128.75,114.8,62.35294,0,0.0,-3.642464e-16,0.0,80.816,0.0,27.048,14.453,1.3,16.06934,46.0,1,14.3,0,0,0,0,0,0,0,0.0,95,48,0,11.62357,0.0,0.0,0,1687297042.907,81.39,42.0,12.66,1003.0,81.18,0.0
166,166.91,0.0,37.8697,0.01857144,0.0,94.81937,0.006065381,0.0,0.027783,0.0,0.0,0.2546351,0.0,540,80.6,0.0,1,0.2615945,0.00692502,37.77528,2.294827,83.3,18,3816,3826,82.4,0.0,128.75,114.8,62.35294,0,0.0,-3.642464e-16,0.0,80.816,0.0,27.048,14.453,1.3,16.06934,46.0,1,14.3,0,0,0,0,0,0,0,0.0,95,48,0,11.62357,0.0,0.0,0,1687297043.91,81.39,42.0,12.66,1003.0,81.18,0.0
167,167.909,0.0,37.8697,0.01857144,0.0,94.81937,0.006065381,0.0,0.027783,0.0,0.0,0.2546351,0.0,540,80.6,0.0,1,0.2615945,0.00692502,37.77528,2.294827,83.3,18,3816,3826,82.4,0.0,128.75,114.8,62.35294,0,0.0,-3.642464e-16,0.0,80.816,0.0,27.048,14.453,1.3,16.06934,46.0,1,14.3,0,0,0,0,0,0,0,0.0,95,48,0,11.62357,0.0,0.0,0,1687297044.909,81.39,42.0,12.66,1003.0,81.18,0.0
168,168.915,0.0,37.8697,0.01857144,0.0,94.81937,0.006065381,0.0,0.027783,0.0,0.0,0.2546351,0.0,540,80.6,0.0,1,0.2615945,0.00692502,37.77528,2.294827,83.3,18,3816,3826,82.4,0.0,128.75,114.8,62.35294,0,0.0,-3.642464e-16,0.0,80.816,0.0,27.048,14.453,1.3,16.06934,46.0,1,14.3,0,0,0,0,0,0,0,0.0,95,48,0,11.62357,0.0,0.0,0,1687297045.915,81.39,42.0,12.66,1003.0,81.18,0.0
169,169.911,0.0,37.8697,0.01857144,0.0,94.81937,0.006065381,0.0,0.027783,0.0,0.0,0.2546351,0.0,540,80.6,0.0,1,0.2615945,0.00692502,37.77528,2.294827,83.3,18,3816,3826,82.4,0.0,128.75,114.8,62.35294,0,0.0,-3.642464e-16,0.0,80.816,0.0,27.048,14.453,1.3,16.06934,46.0,1,14.3,0,0,0,0,0,0,0,0.0,95,48,0,11.62357,0.0,0.0,0,1687297046.911,81.39,42.0,12.66,1003.0,81.18,0.0
170,170.912,0.0,37.8697,0.01857144,0.0,94.81937,0.006065381,0.0,0.027783,0.0,0.0,0.2546351,0.0,540,80.6,0.0,1,0.2615945,0.00692502,37.77528,2.294827,83.3,18,3816,3826,82.4,0.0,128.75,114.8,62.35294,0,0.0,-3.642464e-16,0.0,80.816,0.0,27.048,14.453,1.3,16.06934,46.0,1,14.3,0,0,0,0,0,0,0,0.0,95,48,0,11.62357,0.0,0.0,0,1687297047.912,81.39,42.0,12.66,1003.0,81.18,0.0
171,171.913,0.0,37.8697,0.01857144,0.0,94.81937,0.006065381,0.0,0.027783,0.0,0.0,0.2546351,0.0,540,80.6,0.0,1,0.2615945,0.00692502,37.77528,2.294827,83.3,18,3816,3826,82.4,0.0,128.75,114.8,62.35294,0,0.0,-3.642464e-16,0.0,80.816,0.0,27.048,14.453,1.3,16.06934,46.0,1,14.3,0,0,0,0,0,0,0,0.0,95,48,0,11.62357,0.0,0.0,0,1687297048.913,81.39,42.0,12.66,1003.0,81.18,0.0
172,172.914,0.0,37.8697,0.01857144,0.0,94.81937,0.006065381,0.0,0.027783,0.0,0.0,0.2546351,0.0,540,80.6,0.0,1,0.2615945,0.00692502,37.77528,2.294827,83.3,18,3816,3826,82.4,0.0,128.75,114.8,62.35294,0,0.0,-3.642464e-16,0.0,80.816,0.0,27.048,14.453,1.3,16.06934,46.0,1,14.3,0,0,0,0,0,0,0,0.0,95,48,0,11.62357,0.0,0.0,0,1687297049.914,81.39,42.0,12.66,1003.0,81.18,0.0
173,173.916,0.0,37.8697,0.01857144,0.0,94.81937,0.006065381,0.0,0.027783,0.0,0.0,0.2546351,0.0,540,80.6,0.0,1,0.2615945,0.00692502,37.77528,2.294827,83.3,18,3816,3826,82.4,0.0,128.75,114.8,62.35294,0,0.0,-3.642464e-16,0.0,80.816,0.0,27.048,14.453,1.3,16.06934,46.0,1,14.3,0,0,0,0,0,0,0,0.0,95,48,0,11.62357,0.0,0.0,0,1687297050.916,81.39,42.0,12.66,1003.0,81.18,0.0
174,174.916,0.0,37.8697,0.01857144,0.0,94.81937,0.006065381,0.0,0.027783,0.0,0.0,0.2546351,0.0,540,80.6,0.0,1,0.2615945,0.00692502,37.77528,2.294827,83.3,18,3816,3826,82.4,0.0,128.75,114.8,62.35294,0,0.0,-3.642464e-16,0.0,80.816,0.0,27.048,14.453,1.3,16.06934,46.0,1,14.3,0,0,0,0,0,0,0,0.0,95,48,0,11.62357,0.0,0.0,0,1687297051.916,81.39,42.0,12.66,1003.0,81.18,0.0
175,175.915,0.0,37.8697,0.01857144,0.0,94.81937,0.006065381,0.0,0.027783,0.0,0.0,0.2546351,0.0,540,80.6,0.0,1,0.2615945,0.00692502,37.77528,2.294827,83.3,18,3816,3826,82.4,0.0,128.75,114.8,62.35294,0,0.0,-3.642464e-16,0.0,80.816,0.0,27.048,14.453,1.3,16.06934,46.0,1,14.3,0,0,0,0,0,0,0,0.0,95,48,0,11.62357,0.0,0.0,0,1687297052.915,81.39,42.0,12.66,1003.0,81.18,0.0
176,176.917,0.0,37.8697,0.01857144,0.0,94.81937,0.006065381,0.0,0.027783,0.0,0.0,0.2546351,0.0,540,80.6,0.0,1,0.2615945,0.00692502,37.77528,2.294827,83.3,18,3816,3826,82.4,0.0,128.75,114.8,62.35294,0,0.0,-3.642464e-16,0.0,80.816,0.0,27.048,14.453,1.3,16.06934,46.0,1,14.3,0,0,0,0,0,0,0,0.0,95,48,0,11.62357,0.0,0.0,0,1687297053.917,81.39,42.0,12.66,1003.0,81.18,0.0
177,177.916,0.0,37.8697,0.01857144,0.0,94.81937,0.006065381,0.0,0.027783,0.0,0.0,0.2546351,0.0,540,80.6,0.0,1,0.2615945,0.00692502,37.77528,2.294827,83.3,18,3816,3826,82.4,0.0,128.75,114.8,62.35294,0,0.0,-3.642464e-16,0.0,80.816,0.0,27.048,14.453,1.3,16.06934,46.0,1,14.3,0,0,0,0,0,0,0,0.0,95,48,0,11.62357,0.0,0.0,0,1687297054.916,81.39,42.0,12.66,1003.0,81.18,0.0
178,178.905,0.0,37.8697,0.01857144,0.0,94.81937,0.006065381,0.0,0.027783,0.0,0.0,0.2546351,0.0,540,80.6,0.0,1,0.2615945,0.00692502,37.77528,2.294827,83.3,18,3816,3826,82.4,0.0,128.75,114.8,62.35294,0,0.0,-3.642464e-16,0.0,80.816,0.0,27.048,14.453,1.3,16.06934,46.0,1,14.3,0,0,0,0,0,0,0,0.0,95,48,0,11.62357,0.0,0.0,0,1687297055.905,81.39,42.0,12.66,1003.0,81.18,0.0
179,179.915,0.0,37.8697,0.01857144,0.0,94.81937,0.006065381,0.0,0.027783,0.0,0.0,0.2546351,0.0,540,80.6,0.0,1,0.2615945,0.00692502,37.77528,2.294827,83.3,18,3816,3826,82.4,0.0,128.75,114.8,62.35294,0,0.0,-3.642464e-16,0.0,80.816,0.0,27.048,14.453,1.3,16.06934,46.0,1,14.3,0,0,0,0,0,0,0,0.0,95,48,0,11.62357,0.0,0.0,0,1687297056.915,81.39,42.0,12.66,1003.0,81.18,0.0
180,180.917,0.0,37.8697,0.01857144,0.0,94.81937,0.006065381,0.0,0.027783,0.0,0.0,0.2546351,0.0,540,80.6,0.0,1,0.2615945,0.00692502,37.77528,2.294827,83.3,18,3816,3826,82.4,0.0,128.75,114.8,62.35294,0,0.0,-3.642464e-16,0.0,80.816,0.0,27.048,14.453,1.3,16.06934,46.0,1,14.3,0,0,0,0,0,0,0,0.0,95,48,0,11.62357,0.0,0.0,0,1687297057.917,81.39,42.0,12.66,1003.0,81.18,0.0
181,182.912,0.0,37.8697,0.01857144,0.0,94.81937,0.006065381,0.0,0.027783,0.0,0.0,0.2546351,0.0,540,80.6,0.0,1,0.2615945,0.00692502,37.77528,2.294827,83.3,18,3816,3826,82.4,0.0,128.75,114.8,62.35294,0,0.0,-3.642464e-16,0.0,80.816,0.0,27.048,14.453,1.3,16.06934,46.0,1,14.3,0,0,0,0,0,0,0,0.0,95,48,0,11.62357,0.0,0.0,0,1687297059.912,81.39,42.0,12.66,1003.0,81.18,
