Datetime,Timestamp,Time (sec),Instant fuel economy (MPG),Total fuel economy (MPG),Fuel rate (gal/hr),Instant CO2 rate (lb/mile),Total CO2 (lbs),CO2 flow (lb/min),Engine RPM (RPM),Mass air flow rate (lb/min),Absolute load value (%),Mass air flow rate (lb/min).1,Engine Power (hp),Calculated load value (%),Time since engine start (sec),Ambient air temperature (°F),Intake manifold absolute pressure (inHg),Fuel system 1 status,Trip Distance (miles),Trip Fuel (gal),Trip Fuel Economy (MPG),Trip Duration (min),Ambient Temperature Sensor (°F),Blower Motor Speed Level,Compressor Speed (RPM),Compressor Target Speed (RPM),Room Temperature Sensor (°F),Engine Speed (RPM),Initial Intake Air Temperature (°F),Intake Air (°F),Hybrid battery pack remaining life (%),Boost (psi),Acceleration (ft/s²),Vehicle Speed (MPH),Adjusted Ambient Temperature (°F),Motor Actual Current (A),Motor Power Supply Voltage (V),Battery Voltage (V),Aircon Consumption Power (kW),Battery Block Max Voltage (V),Cooling Fan 0 (%),Status of the Aircon Gate Status / OFF or ON,Battery Voltage (V).1,Engine Torque (lb•ft),Set Temperature (Driver Side) (°F),Solar Sensor (Driver Side),Fuel Input (gal),Vehicle Load (%),Calculate Load (%),Outside Temp,Humidity,Wind Speed,Pressure,Feels_like,Clouds
2023-06-20 13:40:00-07:00,1687294146.778,63.778,39.988,38.514,0.566,0.811,86.343,0.185,1270.855,0.918,25.509,1.021,7.763,52.549,32.196,85.277,10.363,1.935,0.097,0.005,13.88,0.912,85.561,23.159,4756.439,5122.421,105.968,1461.488,93.875,92.359,64.446,-7.009,0.467,15.721,84.805,1.572,27.086,14.46,1.873,15.093,7.953,1.0,14.3,26.267,92.3,43.0,11.606,30.599,57.354,81.766,42.0,12.66,1011.157,81.49,0.0
2023-06-20 13:50:00-07:00,1687294507.135,424.135,58.442,38.386,0.491,0.626,91.296,0.16,911.277,0.79,17.462,0.982,6.736,36.584,388.475,84.089,8.582,1.616,0.925,0.042,22.357,7.009,85.421,19.437,4409.051,4418.339,88.686,902.712,93.875,102.223,47.599,-3.352,-0.07,11.963,83.833,0.721,27.105,14.47,1.502,15.844,43.453,1.0,14.293,18.537,92.3,42.402,11.611,17.648,37.106,81.677,43.653,12.66,1012.771,81.602,0.0
2023-06-20 14:00:00-07:00,1687294911.266,828.266,187.643,38.199,0.629,0.601,92.617,0.205,845.783,0.913,15.568,1.093,8.622,31.279,786.339,82.4,4.664,1.468,2.631,0.11,23.922,13.698,82.621,18.0,3199.555,3469.541,81.459,895.976,93.875,104.76,56.499,-1.317,-0.247,16.199,81.844,0.861,27.063,14.401,1.067,17.097,54.167,1.0,14.218,16.709,92.3,41.826,9.433,17.325,26.498,81.577,43.109,12.66,1003.602,81.452,0.0
2023-06-20 14:30:00-07:00,1687297013.225,80.721,184.554,37.869,0.391,0.334,93.058,0.128,428.79,0.514,7.883,0.549,5.36,14.943,382.248,80.6,1.202,1.271,0.165,0.004,137.654,1.235,83.225,18.0,3750.394,3811.06,83.519,543.689,126.933,112.562,62.97,-0.58,0.103,8.581,80.784,-2.504,27.22,14.446,1.238,16.311,49.578,1.0,14.286,12.549,95.0,47.06,11.587,10.948,19.759,81.425,42.0,12.66,1003.0,81.205,0.0
2023-06-20 14:40:00-07:00,1687297320.003,168.003,301.618,37.877,0.512,0.429,95.404,0.167,746.867,0.759,16.489,0.884,7.027,34.948,129.561,81.406,6.801,1.766,1.166,0.03,39.526,2.721,84.212,18.0,3903.506,3969.715,83.099,715.495,119.75,111.102,61.815,-2.232,-0.379,20.802,81.553,0.203,27.132,14.432,1.246,16.578,59.588,1.0,14.282,18.866,95.0,43.197,9.706,16.663,32.04,81.586,42.0,12.66,1002.247,81.335,0.0
2023-06-20 14:50:00-07:00,1687298224.473,179.473,281.502,37.643,0.974,0.687,97.125,0.318,1342.441,1.44,25.236,1.798,13.352,51.152,315.546,82.332,12.873,1.699,1.339,0.056,30.298,2.961,83.021,13.0,2931.54,2994.321,82.854,1341.685,127.625,111.132,63.036,-1.746,0.004,25.948,82.154,0.007,27.06,14.405,0.912,16.604,64.999,1.0,14.223,29.13,92.3,44.422,11.552,25.698,52.344,80.873,43.0,11.05,1002.068,80.854,2.159
2023-06-20 15:00:00-07:00,1687298700.469,655.469,243.016,37.374,1.253,0.683,99.76,0.409,1751.808,1.854,28.41,2.236,17.184,56.311,785.559,81.509,12.632,1.846,5.027,0.191,26.087,10.896,82.536,9.1,2493.426,2506.314,81.017,1693.149,127.625,110.574,67.252,-2.54,0.159,38.077,81.663,0.074,27.099,14.373,0.718,16.356,67.446,1.0,14.201,32.54,92.3,46.301,11.503,27.725,55.817,80.491,42.663,4.986,1005.803,80.469,6.893
2023-06-20 15:10:00-07:00,1687299300.012,1255.012,53.211,37.313,2.024,0.604,104.872,0.661,2831.401,3.019,42.916,3.794,27.752,84.355,1373.757,81.941,19.21,2.023,14.448,0.452,32.043,20.886,82.801,9.0,2191.632,2191.193,78.797,2828.455,127.625,97.772,60.98,-1.983,-0.008,66.425,82.089,-0.077,27.061,14.317,0.568,15.592,70.5,1.0,14.194,48.897,92.3,40.418,11.184,42.839,84.185,79.471,43.131,5.207,1014.537,79.261,9.0
2023-06-20 15:20:00-07:00,1687299899.969,1854.969,321.302,36.77,1.311,0.494,111.705,0.428,1825.332,1.942,27.117,2.338,17.971,57.692,1966.647,78.659,12.244,1.925,24.373,0.8,30.43,30.888,79.614,9.0,2050.255,2057.987,77.914,1817.256,127.625,104.132,67.295,-2.022,-0.116,42.738,78.783,-0.188,27.062,14.102,0.559,16.577,65.744,1.0,13.969,31.172,92.3,41.375,11.118,26.264,55.218,75.568,23.525,8.962,1014.763,73.932,9.92
2023-06-20 15:30:00-07:00,1687300500.162,2455.162,306.666,36.913,1.086,0.446,114.213,0.355,1648.011,1.617,28.151,2.083,14.892,62.635,2557.516,78.92,12.08,1.891,29.915,0.928,32.207,40.891,79.94,9.0,2012.604,2016.598,77.402,1645.186,127.625,104.748,62.152,-1.788,0.137,43.284,79.175,0.147,27.061,14.237,0.556,15.294,68.917,1.0,14.068,32.292,92.3,42.255,10.708,27.961,64.356,75.408,26.114,9.856,1014.178,73.878,1.467
2023-06-20 15:40:00-07:00,1687301096.796,3051.796,212.217,37.263,0.373,0.233,117.174,0.122,666.078,0.555,14.112,0.723,5.11,34.666,3144.33,80.22,5.629,1.746,37.594,1.08,34.812,50.835,83.127,9.0,1971.467,1984.651,78.055,674.754,127.625,103.598,65.111,-2.178,-0.123,27.545,80.411,0.141,27.174,14.249,0.565,16.452,56.095,0.995,14.068,16.09,92.3,47.356,10.647,13.81,35.478,79.457,23.17,13.55,1019.824,79.208,0.818
2023-06-20 15:50:00-07:00,1687301623.118,1112.751,200.059,37.342,0.181,0.334,117.633,0.059,229.733,0.261,4.879,0.267,2.478,10.655,1125.683,80.6,1.997,1.165,12.242,0.347,61.98,18.343,85.814,9.0,2182.922,2189.638,78.62,265.542,122.206,116.798,61.705,-0.709,-0.043,5.268,80.816,-1.575,27.53,14.261,0.636,15.221,35.544,1.0,14.089,5.867,92.3,57.807,10.766,6.577,17.339,80.293,24.0,14.97,1020.0,79.351,0.0
2023-06-20 16:00:00-07:00,1687302387.705,213.705,265.882,37.315,0.584,0.488,118.375,0.191,820.908,0.867,18.575,1.033,8.002,41.219,212.787,81.431,6.198,1.491,1.095,0.033,49.174,3.53,85.127,12.811,2606.377,2667.61,80.751,825.318,124.25,115.684,54.645,-1.139,0.161,21.019,81.685,-0.214,27.182,14.036,0.839,16.195,58.659,1.0,13.889,21.317,92.3,39.268,10.586,18.372,43.163,80.227,24.243,14.97,1019.164,79.298,0.0
2023-06-20 16:10:00-07:00,1687302899.522,725.522,204.77,37.339,0.997,0.515,120.593,0.325,1560.82,1.485,29.871,1.911,13.664,67.997,715.807,82.961,15.337,2.02,5.467,0.146,37.078,12.058,84.441,13.0,2392.493,2409.393,78.467,1565.443,124.25,105.899,65.299,-2.368,0.011,41.634,83.25,0.204,27.057,14.153,0.684,16.616,68.653,0.993,14.02,33.875,92.3,44.547,10.373,30.611,68.052,80.45,24.136,14.97,1016.804,79.094,0.0
2023-06-20 16:20:00-07:00,1687303499.537,1325.537,98.937,37.422,1.35,0.552,124.624,0.441,2069.033,2.002,35.337,2.555,18.511,78.473,1310.277,82.865,15.661,2.158,13.677,0.352,38.914,22.064,83.923,10.947,2063.092,2107.392,77.262,2066.536,124.25,100.244,65.578,-2.756,-0.056,54.8,83.112,0.099,27.06,14.208,0.566,16.428,70.089,1.0,14.058,40.502,92.3,38.068,10.162,35.48,78.527,80.121,25.566,16.576,1014.971,79.414,0.0
2023-06-20 16:30:00-07:00,1687304099.537,1925.537,76.263,37.601,1.324,0.484,128.839,0.432,2039.268,1.974,37.629,2.61,18.152,82.639,1900.237,83.804,16.12,2.083,22.906,0.567,40.347,32.063,84.632,9.0,1891.328,1892.545,76.831,2046.155,124.25,100.4,64.33,-2.05,-0.035,56.205,83.761,0.336,27.055,13.752,0.512,16.136,83.008,1.0,13.643,42.915,92.3,31.97,9.697,37.916,83.493,80.298,14.026,14.974,1014.002,79.768,0.0
2023-06-20 16:40:00-07:00,1687304699.526,2525.526,83.027,37.751,1.256,0.418,133.511,0.41,1989.218,1.875,36.294,2.494,17.222,82.049,2491.868,84.278,16.146,2.035,32.9,0.806,40.787,42.064,84.971,9.0,1865.728,1867.25,76.077,2004.4,124.25,100.01,62.386,-2.32,0.077,60.786,84.197,0.196,27.059,13.633,0.503,16.02,78.482,1.0,13.538,41.354,92.3,31.765,9.61,36.66,82.537,81.514,13.967,14.97,1014.0,79.32,0.0
2023-06-20 16:50:00-07:00,1687305299.536,3125.536,250.421,38.103,1.2,0.563,137.222,0.392,1801.279,1.785,30.837,2.187,16.458,67.278,3082.263,85.265,13.26,1.94,42.507,0.995,42.731,52.064,85.56,8.98,1846.51,1871.943,74.766,1823.158,124.25,101.711,63.607,-2.661,0.01,48.35,84.94,-0.088,27.061,13.826,0.519,16.566,60.722,0.995,13.691,35.237,92.3,29.803,9.563,32.064,67.078,82.657,21.035,12.717,1013.338,80.433,0.0
2023-06-20 17:00:00-07:00,1687305721.376,3547.376,159.29,38.042,0.416,0.358,139.558,0.136,687.446,0.608,9.739,0.743,5.704,23.191,3495.698,84.803,3.88,1.401,46.618,1.114,41.843,59.033,85.535,5.0,1595.651,1654.811,73.971,644.871,124.25,113.756,76.495,-1.643,-0.348,14.421,84.642,0.635,27.115,14.209,0.483,16.894,50.828,0.986,13.995,11.37,92.3,39.217,9.238,9.852,20.807,82.111,26.191,8.828,1008.783,80.287,0.0
2023-06-20 17:10:00-07:00,1687306770.425,35.425,168.367,38.037,0.965,0.463,130.397,0.315,1662.585,1.367,25.497,1.654,13.229,61.981,403.898,84.2,23.618,2.271,0.352,0.01,71.892,0.549,84.976,5.0,1670.203,1669.237,79.7,1411.093,134.375,102.719,63.662,-6.052,-0.029,45.753,84.077,-0.862,27.061,14.18,0.45,16.519,70.5,1.0,14.0,29.679,92.3,21.153,9.568,22.486,59.395,80.292,28.596,8.01,1010.596,79.27,0.0
2023-06-20 17:20:00-07:00,1687307089.63,354.63,131.228,38.07,0.785,0.498,141.083,0.256,1210.908,1.168,23.324,1.47,10.764,52.241,714.589,83.659,9.373,1.7,2.951,0.072,43.841,5.876,84.513,5.0,1678.273,1688.859,78.327,1253.48,134.375,105.947,65.56,-1.875,-0.056,28.06,83.423,-0.231,27.06,14.189,0.477,16.463,63.311,0.993,14.001,26.715,92.3,22.099,9.143,23.862,53.161,78.857,30.935,8.01,1011.645,77.951,0.0
2023-06-20 17:30:00-07:00,1687307722.531,987.531,192.94,37.985,0.973,0.478,144.201,0.318,1411.132,1.441,24.251,1.748,13.341,51.466,1339.895,80.633,10.349,1.74,8.383,0.231,36.395,16.428,81.616,5.0,1603.51,1617.675,77.254,1431.674,134.375,102.324,66.386,-1.862,-0.008,34.871,80.742,-0.261,27.062,14.172,0.439,16.416,63.119,1.0,13.994,27.669,92.3,13.632,9.009,24.238,51.007,79.154,32.408,8.432,1012.042,78.431,0.0
2023-06-20 17:40:00-07:00,1687308300.012,1565.012,51.663,37.991,1.375,0.442,148.424,0.449,2145.18,2.052,39.489,2.812,18.855,87.488,1910.315,81.449,17.458,2.013,16.623,0.447,37.015,26.056,82.493,5.0,1521.5,1522.385,76.951,2124.887,134.375,93.065,61.62,-1.514,-0.004,60.816,81.806,-0.33,27.06,14.142,0.399,15.694,70.506,1.0,14.0,44.946,92.3,10.543,8.582,39.13,87.308,81.547,35.397,7.676,1012.999,80.642,0.0
2023-06-20 17:50:00-07:00,1687308900.024,2165.024,79.821,38.285,1.189,0.419,152.309,0.388,1907.094,1.773,36.851,2.439,16.299,84.132,2498.952,83.453,15.987,2.072,26.444,0.645,40.911,36.053,84.317,5.0,1521.722,1523.11,75.942,1912.522,134.375,97.769,60.935,-1.873,0.002,59.629,83.474,-0.008,27.06,14.136,0.407,15.995,65.559,1.0,13.995,41.929,92.3,3.573,8.416,36.529,84.266,84.182,19.141,7.573,1015.138,81.521,0.0
2023-06-20 18:00:00-07:00,1687309500.069,2765.069,64.182,38.497,1.642,0.447,157.052,0.536,2498.626,2.451,39.356,3.194,22.514,84.857,3089.788,83.909,17.438,2.023,37.406,0.887,42.16,46.053,84.635,5.0,1485.722,1486.357,75.894,2491.244,134.375,97.349,59.464,-1.935,0.021,72.046,83.764,0.131,27.06,14.14,0.4,15.935,57.946,1.0,14.0,44.876,92.3,3.22,8.164,39.294,84.925,84.902,9.962,6.438,1016.262,81.814,0.0
2023-06-20 18:10:00-07:00,1687310100.031,3365.031,50.297,38.549,2.012,0.562,163.023,0.657,2830.169,2.992,42.482,3.678,27.589,87.014,3680.867,85.106,19.298,2.057,49.563,1.192,41.633,56.053,85.534,5.0,1491.37,1492.187,75.808,2838.078,134.375,97.319,58.805,-1.56,-0.009,70.675,84.876,-0.261,27.061,14.146,0.405,16.055,0.0,1.0,14.0,48.615,92.3,3.878,7.875,42.508,86.744,85.525,18.888,5.922,1012.409,82.621,0.0
2023-06-20 18:20:00-07:00,1687310700.028,3965.028,77.212,38.461,1.638,0.551,169.125,0.535,2445.107,2.439,38.115,3.039,22.46,82.053,4270.997,82.538,18.078,2.075,60.809,1.504,40.46,66.053,83.337,5.0,1462.063,1463.463,74.768,2422.081,134.375,95.96,60.86,-2.345,-0.021,62.286,82.575,-0.007,27.106,14.156,0.396,16.551,13.159,0.995,13.999,43.498,92.3,6.94,7.278,37.699,81.28,80.74,15.438,13.74,1017.604,79.165,0.0
2023-06-20 18:30:00-07:00,1687311121.028,4386.028,208.584,38.473,0.814,0.445,172.353,0.266,1301.55,1.189,19.676,1.391,11.158,46.281,4685.595,80.6,9.421,1.851,67.26,1.668,40.316,73.02,81.821,5.0,1413.798,1430.942,75.961,1267.093,134.375,99.128,70.629,-3.027,-0.391,32.774,81.192,0.895,27.941,14.18,0.394,17.149,55.264,1.0,13.996,22.739,92.3,3.095,7.527,19.319,43.512,80.613,15.752,13.298,1015.651,78.769,0.0
2023-06-22 23:00:00-07:00,1687500369.182,235.182,132.44,38.488,1.144,0.567,172.976,0.374,1605.908,1.717,30.893,2.034,15.684,65.239,355.828,81.39,12.252,1.798,2.838,0.073,39.809,3.875,82.334,14.107,2410.754,2415.45,83.51,1631.423,82.625,87.166,57.466,-1.912,-0.065,38.981,81.642,-0.253,27.062,14.351,0.645,16.602,0.0,1.0,14.208,35.588,92.3,45.539,6.515,30.563,66.989,61.544,28.629,13.989,1013.184,58.741,0.0
2023-06-22 23:10:00-07:00,1687500901.45,767.45,179.506,38.393,0.992,0.491,176.953,0.324,1651.105,1.458,26.159,1.849,13.602,60.604,874.154,80.85,11.72,2.173,7.578,0.219,34.4,12.741,82.29,13.0,2122.518,2185.005,79.608,1709.8,82.625,95.084,67.693,-2.662,0.143,43.539,81.587,0.022,27.06,13.862,0.581,16.695,0.0,1.0,13.745,29.419,92.3,41.062,6.347,25.833,57.621,60.913,28.402,15.568,1013.322,58.036,0.0
2023-06-22 23:20:00-07:00,1687501499.961,1365.961,116.99,38.676,1.1,0.352,180.659,0.359,2302.139,1.625,29.278,2.112,15.076,69.435,1463.968,84.536,14.128,2.65,17.458,0.408,42.589,22.717,84.983,13.0,2166.745,2190.07,77.923,2351.393,82.625,93.977,70.619,-4.792,-0.016,63.483,84.259,-0.187,27.062,14.098,0.57,16.222,62.163,1.0,13.99,33.582,92.3,43.305,6.154,28.537,68.347,61.317,37.875,13.518,1013.117,58.932,0.0
2023-06-22 23:30:00-07:00,1687502099.945,1965.945,72.932,38.866,1.951,0.617,185.049,0.637,2586.146,2.884,41.28,3.5,26.746,84.058,2054.278,83.189,21.954,2.307,27.903,0.632,44.468,32.715,83.847,12.973,2187.165,2202.553,76.688,2589.03,82.625,92.012,63.22,-2.848,0.006,62.181,83.079,-0.685,27.057,13.992,0.568,16.213,79.736,1.0,13.887,47.742,92.3,42.575,5.962,42.174,85.196,64.445,31.667,12.331,1011.283,62.074,0.0
2023-06-22 23:40:00-07:00,1687502699.942,2565.942,27.14,38.309,2.771,0.756,193.444,0.905,3513.242,4.131,49.374,4.97,37.997,91.993,2644.79,78.734,21.236,2.0,39.04,1.06,37.026,42.716,79.247,7.133,1736.25,1737.158,76.804,3515.968,82.625,89.204,60.141,-1.005,0.01,71.891,78.527,-0.037,27.055,13.564,0.426,15.656,82.738,1.0,13.492,56.335,92.3,41.913,5.184,49.528,91.865,53.43,89.217,4.946,1015.721,52.67,17.48
2023-06-22 23:50:00-07:00,1687503299.94,3165.94,95.754,38.15,1.43,0.396,200.393,0.467,2212.828,2.128,36.601,2.813,19.607,80.248,3235.188,75.215,16.945,2.135,51.028,1.415,36.031,52.716,76.127,8.987,1818.35,1817.64,76.029,2218.263,82.625,88.343,60.171,-2.959,0.018,71.195,75.41,-0.238,27.057,13.574,0.436,16.194,61.728,1.0,13.49,42.019,92.3,41.575,4.859,36.688,81.073,52.384,85.345,2.905,1016.317,51.331,19.0
2023-06-23 00:00:00-07:00,1687503899.942,3765.942,111.0,38.594,1.077,0.315,203.984,0.352,1751.257,1.608,34.169,2.171,14.763,77.999,3825.922,76.166,17.176,2.437,62.642,1.598,39.171,62.715,76.862,5.0,1526.292,1527.682,75.334,1765.416,82.625,86.852,63.722,-3.827,-0.021,67.18,76.093,-0.072,27.055,13.577,0.376,16.566,24.395,1.0,13.497,38.971,92.3,41.498,4.713,34.422,77.812,56.659,72.717,4.511,1014.783,55.446,2.32
2023-06-23 00:10:00-07:00,1687504499.937,4365.937,50.165,38.801,1.911,0.516,208.726,0.624,2600.566,2.852,44.907,3.731,26.196,90.672,4417.025,76.931,19.785,2.02,74.181,1.84,40.316,72.717,77.795,6.1,1592.413,1594.298,76.061,2610.91,82.625,86.954,60.512,-1.486,0.01,72.543,76.93,-0.005,27.057,13.568,0.392,15.822,62.091,1.0,13.492,51.125,92.3,42.077,4.315,45.008,90.895,56.747,74.504,5.138,1014.304,55.623,37.8
2023-06-23 00:20:00-07:00,1687505099.918,4965.918,47.294,38.704,1.933,0.522,215.434,0.631,2640.129,2.886,45.139,3.784,26.505,90.781,5008.062,75.221,19.723,2.0,86.409,2.183,39.591,82.716,75.692,5.68,1570.718,1570.967,76.307,2633.071,82.625,85.46,59.382,-1.359,-0.021,72.551,75.012,0.182,27.058,13.572,0.37,16.085,9.416,1.0,13.496,51.38,92.3,42.743,3.937,44.957,90.333,54.259,80.996,5.383,1015.017,53.191,10.8
2023-06-23 00:30:00-07:00,1687505699.893,5565.893,97.202,38.788,1.287,0.371,220.901,0.42,1947.298,1.917,37.021,2.554,17.647,81.033,5598.493,73.187,17.395,2.373,98.155,2.462,39.864,92.716,73.662,5.0,1461.347,1461.698,75.925,1914.279,82.625,84.707,61.247,-3.28,0.012,68.887,73.146,0.097,27.056,13.582,0.348,16.529,0.0,1.0,13.496,42.291,92.3,43.217,3.643,36.376,80.327,53.69,83.946,5.63,1015.479,52.703,20.0
2023-06-23 00:40:00-07:00,1687506299.576,6165.576,138.109,39.014,0.85,0.391,224.2,0.278,1177.196,1.267,21.388,1.599,11.654,44.452,6190.074,74.799,10.032,1.618,107.274,2.63,40.787,102.711,75.727,5.0,1490.923,1501.057,74.734,1204.016,82.625,93.508,67.358,-1.81,-0.009,30.736,74.438,0.033,27.141,14.067,0.379,16.544,35.093,1.0,13.932,24.218,92.3,43.648,3.356,21.251,43.096,54.205,83.259,4.647,1015.0,53.235,30.487
2023-06-23 00:50:00-07:00,1687506899.867,6765.867,370.101,39.126,0.635,0.297,226.612,0.207,1069.225,0.945,22.103,1.251,8.71,51.824,6787.077,76.751,8.602,2.143,113.369,2.753,41.175,112.726,77.396,3.62,1467.68,1476.037,75.984,1052.687,82.625,93.986,69.327,-3.486,-0.095,42.825,76.569,-0.107,27.058,14.15,0.375,16.541,69.023,0.992,14.012,24.963,92.3,42.765,3.317,22.264,51.399,57.035,82.278,6.3,1015.3,56.304,49.0
2023-06-23 01:00:00-07:00,1687507503.104,7369.104,179.273,39.177,0.861,0.529,228.77,0.281,1268.383,1.279,25.465,1.654,11.799,53.415,7375.732,76.561,10.841,1.788,118.266,2.863,41.306,122.772,77.616,5.0,1584.588,1599.402,76.142,1296.178,82.625,96.998,62.425,-2.597,0.159,32.844,76.208,-0.25,27.095,14.113,0.408,15.784,67.153,0.99,13.996,28.65,92.3,42.359,3.164,26.182,53.176,56.693,81.012,6.31,1015.0,55.87,49.0
2023-06-23 01:10:00-07:00,1687508100.017,7966.017,395.659,39.243,0.972,0.438,231.683,0.317,1416.545,1.431,28.8,1.881,13.325,61.241,7961.002,77.225,11.618,1.991,124.876,3.012,41.459,132.717,78.15,5.0,1611.808,1612.453,77.061,1364.924,82.625,95.59,66.335,-2.648,-0.019,41.513,77.271,-0.033,27.055,13.699,0.424,16.463,84.383,1.0,13.601,33.847,92.3,44.293,3.077,28.927,63.859,54.955,77.008,4.388,1015.176,53.771,49.0
2023-06-23 01:20:00-07:00,1687508699.96,8565.96,445.116,39.296,0.654,0.36,234.059,0.214,928.328,0.978,18.45,1.242,8.968,43.342,8551.193,77.939,9.356,1.653,130.27,3.133,41.577,142.716,78.563,5.0,1635.807,1637.863,77.736,1089.947,82.625,104.147,63.69,-1.94,0.08,28.421,77.551,-0.118,27.059,13.988,0.448,15.987,69.828,1.0,13.856,21.356,92.3,43.927,2.941,22.242,49.641,53.088,71.627,1.641,1015.058,51.46,49.0
2023-06-23 01:30:00-07:00,1687509299.961,9165.961,61.253,39.216,1.904,0.561,238.64,0.622,2596.081,2.841,42.865,3.599,26.108,85.151,9144.083,74.921,19.765,2.117,138.476,3.367,41.136,152.718,75.37,6.373,1708.448,1707.193,78.129,2601.814,82.625,90.716,59.93,-2.164,0.012,66.197,74.69,-0.003,27.06,13.574,0.41,15.94,86.311,1.0,13.498,48.957,92.3,43.49,2.42,43.608,85.105,51.63,84.235,5.176,1014.271,50.453,25.97
2023-06-23 01:40:00-07:00,1687509899.964,9765.964,96.327,39.361,1.027,0.33,243.291,0.335,1689.465,1.531,35.369,2.171,14.082,79.897,9748.005,74.708,16.159,2.37,149.59,3.604,41.499,162.737,75.217,5.0,1542.523,1544.252,77.46,1665.243,82.625,87.029,63.708,-3.307,-0.025,63.43,74.585,0.119,27.058,13.576,0.364,16.296,65.882,1.0,13.5,40.377,92.3,43.925,2.183,35.199,79.922,52.455,85.602,7.262,1012.871,51.426,0.0
2023-06-23 01:50:00-07:00,1687510499.383,10365.383,379.617,39.493,0.748,0.408,246.77,0.244,1089.68,1.118,20.418,1.414,10.259,42.497,10323.553,75.438,12.356,1.513,158.243,3.782,41.841,172.707,76.422,6.226,1637.506,1645.146,76.995,1093.966,82.625,95.959,63.164,-2.01,-0.096,32.973,75.576,0.057,27.061,13.909,0.42,16.578,56.104,0.99,13.763,23.236,92.3,44.353,1.905,21.09,45.697,53.021,86.069,2.416,1015.13,52.07,0.0
2023-06-23 02:00:00-07:00,1687511096.737,10962.737,375.082,39.558,0.306,0.269,247.936,0.1,406.541,0.442,9.162,0.52,4.193,20.941,2581.544,77.0,3.302,1.378,161.419,3.842,42.02,182.663,77.914,4.984,1528.444,1558.83,76.908,376.245,101.087,103.997,69.735,-1.056,0.03,14.195,76.245,0.064,27.063,14.151,0.415,16.571,53.645,0.99,13.981,9.79,92.3,44.198,1.851,8.283,20.581,53.778,85.77,3.44,1014.476,52.883,0.0
2023-06-23 02:10:00-07:00,1687511735.751,11601.751,30.812,39.575,0.157,0.222,248.411,0.051,255.471,0.232,4.862,0.248,2.149,11.21,200.656,77.0,1.601,1.206,162.591,3.866,42.06,193.327,79.065,1.062,338.065,338.942,77.149,249.077,113.655,115.345,62.612,-1.295,0.107,3.288,76.208,-0.037,27.038,14.068,0.094,15.558,43.79,0.991,13.902,5.592,92.3,28.626,9.131,4.581,12.466,53.734,85.888,3.44,1015.0,52.848,0.0
2023-06-23 02:20:00-07:00,1687512303.224,12169.224,299.221,39.491,0.689,0.515,249.965,0.225,909.167,1.02,18.795,1.205,9.447,38.124,483.082,76.431,6.882,1.502,164.665,3.945,41.74,202.794,78.427,8.344,2001.056,2049.248,79.027,914.418,117.5,106.357,66.461,-1.448,-0.033,21.955,76.551,0.341,27.063,14.123,0.565,16.705,60.452,0.983,13.958,20.794,92.3,40.776,11.621,17.901,37.52,52.905,86.816,2.078,1015.0,51.976,0.0
2023-06-23 02:30:00-07:00,1687512626.003,12492.003,125.469,39.485,0.019,0.176,250.934,0.006,0.0,0.028,0.0,0.0,0.255,0.0,792.692,75.2,0.0,1.0,166.53,3.995,41.689,207.933,76.37,5.0,1441.788,1459.327,77.0,0.0,117.5,109.331,69.336,0.0,-0.45,0.489,75.632,-0.387,27.053,14.295,0.4,16.556,40.49,1.0,14.1,0.0,92.3,46.096,11.624,0.0,0.0,52.887,86.0,1.99,1015.0,51.918,0.0
2023-06-29 13:10:00-07:00,1688069858.915,148.915,508.385,39.41,0.552,0.365,252.926,0.18,819.484,0.822,19.231,1.025,7.575,46.973,256.635,80.6,13.229,1.688,0.931,0.015,67.483,2.43,81.56,4.043,929.135,929.252,91.207,914.612,124.25,105.526,67.94,-2.35,0.175,27.09,80.567,0.27,27.054,13.76,0.32,16.183,68.583,1.0,13.641,23.116,92.3,41.22,10.481,19.609,37.183,79.265,51.294,6.91,999.953,79.433,0.0
2023-06-29 13:20:00-07:00,1688070299.913,589.913,247.776,39.469,1.359,0.454,255.835,0.444,1912.127,2.028,34.642,2.607,18.635,69.996,690.212,81.647,17.118,1.937,7.562,0.164,47.839,9.781,82.456,17.683,3194.35,3212.85,81.946,1894.661,124.25,95.807,63.189,-2.281,-0.037,57.296,81.778,-0.254,27.063,14.324,0.87,15.654,70.552,1.0,14.192,39.656,92.3,43.437,10.832,34.601,70.352,70.479,61.904,4.009,996.332,70.14,6.985
2023-06-29 13:30:00-07:00,1688070898.79,1188.79,798.283,39.581,0.326,0.233,258.376,0.106,513.167,0.485,11.08,0.616,4.466,27.704,1281.837,76.314,3.282,1.572,14.162,0.293,48.179,19.766,76.778,18.0,2723.032,2736.136,78.006,543.839,124.25,102.396,70.721,-1.782,-0.009,28.769,76.09,0.408,27.06,13.974,0.742,16.725,72.439,0.99,13.827,13.577,92.3,41.624,10.349,12.788,33.667,72.307,65.096,10.751,1002.783,72.299,1.827
2023-06-29 13:40:00-07:00,1688071486.613,1562.712,213.155,39.68,0.174,0.208,259.286,0.057,233.046,0.255,6.262,0.294,2.387,13.428,1862.154,72.281,0.874,1.21,15.444,0.303,53.585,25.999,73.926,16.032,2321.595,2353.507,77.018,277.937,124.25,104.09,62.818,-0.944,-0.045,7.539,72.591,0.154,27.109,14.315,0.621,15.291,46.237,0.993,14.137,6.81,92.3,41.254,10.443,6.235,13.032,72.974,68.165,11.5,1006.496,73.175,0.0
2023-06-29 13:50:00-07:00,1688072102.505,369.505,396.211,39.652,0.409,0.448,260.166,0.134,520.256,0.575,11.658,0.694,5.614,27.496,2459.798,72.631,5.814,1.493,1.189,0.041,27.613,6.07,74.299,11.945,1993.119,2016.474,75.323,574.095,124.25,101.92,54.996,-1.218,0.09,14.509,72.574,0.567,27.065,14.247,0.523,16.72,56.327,1.0,14.07,13.642,92.3,39.054,10.163,12.723,28.409,72.724,69.208,11.5,1006.821,72.949,0.0
2023-06-29 14:00:00-07:00,1688072700.457,967.457,469.358,39.658,0.382,0.364,261.13,0.125,522.176,0.563,11.307,0.665,5.238,23.056,3053.32,73.612,3.086,1.338,3.228,0.091,35.611,16.073,74.505,10.321,1935.025,1938.966,74.603,542.629,124.25,102.383,68.363,-1.361,-0.001,18.256,73.375,0.442,27.061,14.358,0.497,16.61,61.016,1.0,14.2,12.996,92.3,40.239,10.011,11.655,24.022,72.348,69.286,11.5,1009.16,72.541,0.0
2023-06-29 14:10:00-07:00,1688073302.192,1569.192,322.466,39.695,0.35,0.389,262.128,0.114,480.514,0.523,11.349,0.632,4.805,24.703,3643.23,75.721,3.298,1.44,5.738,0.142,40.571,26.098,78.185,9.0,1878.86,1891.035,75.005,481.389,124.25,103.662,67.82,-1.278,-0.009,14.284,75.401,0.549,27.062,14.251,0.519,16.089,58.61,1.0,14.107,13.367,92.3,39.912,9.661,12.272,24.054,74.098,66.999,11.5,1010.82,74.359,0.0
2023-06-29 14:20:00-07:00,1688073897.667,2164.667,375.333,39.701,0.423,0.46,263.493,0.138,566.181,0.638,13.986,0.743,5.796,27.325,4229.154,77.685,3.904,1.503,8.584,0.211,40.712,36.024,78.6,9.0,1805.312,1890.932,74.561,491.879,124.25,104.941,62.522,-1.338,0.017,16.55,77.4,0.4,27.06,14.136,0.513,15.934,58.048,1.0,13.953,15.147,92.3,39.458,9.754,11.905,24.042,76.921,61.286,10.464,1013.996,77.196,0.0
2023-06-29 14:30:00-07:00,1688074497.576,2764.576,240.262,39.676,0.288,0.368,264.673,0.094,436.359,0.422,10.046,0.548,3.947,23.547,4821.595,77.932,2.454,1.551,10.632,0.271,39.168,46.026,81.328,9.0,1883.438,1955.257,74.166,478.701,124.25,111.171,62.508,-1.395,0.093,10.894,77.864,0.109,27.061,14.292,0.561,15.961,51.221,1.0,14.097,10.828,92.3,38.785,9.819,10.679,23.786,77.693,56.414,5.454,1015.801,77.816,0.0
2023-06-29 14:40:00-07:00,1688075100.426,3367.426,281.619,39.656,0.386,0.469,265.803,0.126,563.308,0.566,12.856,0.706,5.287,29.133,5428.995,79.472,5.031,1.457,12.652,0.329,38.456,56.092,81.163,9.0,1956.272,1975.523,74.536,613.05,124.25,113.483,50.69,-1.728,0.038,13.394,79.834,-0.197,27.062,14.222,0.562,15.584,54.277,1.0,14.04,14.765,92.3,40.103,9.961,14.252,29.23,77.801,53.661,1.501,1019.937,77.805,0.0
2023-06-29 14:50:00-07:00,1688075700.444,3967.444,338.665,39.675,0.643,0.345,267.119,0.21,952.049,0.96,18.209,1.23,8.814,40.105,6019.208,80.153,8.395,1.675,15.572,0.396,39.306,66.092,80.946,9.0,1989.878,1991.387,74.394,980.106,124.25,110.372,55.255,-2.046,0.054,27.218,80.293,-0.134,27.061,14.066,0.553,16.99,66.104,1.0,13.905,20.792,92.3,39.03,10.122,19.639,42.158,78.991,51.985,3.8,1017.508,79.181,0.0
2023-06-29 15:00:00-07:00,1688076300.227,4567.227,511.308,39.715,0.445,0.324,269.072,0.145,669.987,0.653,13.543,0.832,6.107,31.958,6609.578,82.331,7.204,1.718,20.079,0.496,40.466,76.087,83.288,7.985,1857.841,1887.631,74.169,648.181,124.25,110.38,68.51,-1.95,0.05,23.445,82.47,-0.084,27.059,14.026,0.553,16.526,65.88,1.0,13.865,15.415,92.3,37.808,9.752,12.946,30.467,82.905,45.764,4.551,1011.077,83.089,2.805
2023-06-29 15:10:00-07:00,1688076900.438,5167.438,455.217,39.815,0.526,0.287,270.708,0.172,801.185,0.778,18.478,1.046,7.213,41.184,7192.345,84.275,9.245,1.63,24.787,0.579,42.74,86.079,85.168,5.553,1779.207,1794.268,75.334,825.572,124.25,110.384,66.409,-1.59,-0.002,30.752,84.273,0.013,27.06,13.943,0.518,16.207,69.445,1.0,13.811,20.976,92.3,38.225,9.488,18.297,40.135,82.876,43.725,6.905,1010.725,82.741,0.0
2023-06-29 15:20:00-07:00,1688077500.365,5767.365,260.223,39.894,0.847,0.387,272.495,0.277,1250.11,1.265,25.351,1.681,11.612,52.94,7777.765,85.025,10.852,1.757,29.507,0.671,44.001,96.071,85.792,9.0,2111.38,2112.12,73.213,1333.595,124.25,108.617,59.42,-1.861,0.005,37.961,84.918,-0.259,27.056,13.869,0.613,15.678,74.086,1.0,13.754,28.278,92.3,41.762,9.786,27.547,53.174,84.869,41.788,6.931,1010.0,84.57,0.0
2023-06-29 15:30:00-07:00,1688078100.342,6367.342,602.665,39.963,0.479,0.327,274.929,0.156,721.836,0.712,16.459,0.947,6.566,35.916,8367.358,86.0,6.899,1.568,35.438,0.795,44.572,106.07,86.336,6.782,1753.598,1796.895,72.643,852.172,124.25,111.245,60.88,-1.809,0.041,26.715,85.895,0.237,27.062,13.853,0.54,16.167,72.346,1.0,13.725,18.364,92.3,39.588,9.244,19.223,41.304,88.556,40.6,8.942,1010.238,88.819,0.0
2023-06-29 15:40:00-07:00,1688078677.997,6944.997,243.792,39.983,0.86,0.443,277.588,0.281,1281.808,1.285,24.3,1.671,11.792,51.37,8935.964,86.884,11.606,1.694,41.136,0.931,44.213,115.674,87.143,4.667,1708.743,1728.274,72.555,1298.648,124.25,109.866,65.319,-2.034,-0.058,31.659,86.491,-1.284,27.11,13.878,0.507,16.702,72.005,1.0,13.754,27.105,92.3,40.947,9.331,24.132,49.177,84.017,40.652,12.0,1011.217,83.469,0.0
2023-06-29 19:30:00-07:00,1688092740.641,68.641,146.383,39.998,0.305,0.226,278.521,0.1,559.843,0.453,9.586,0.485,4.179,23.055,141.261,77.0,5.413,2.052,0.391,0.003,248.733,1.092,77.0,0.0,0.0,0.0,87.503,508.104,107.375,100.963,67.072,-3.289,-0.061,18.639,76.208,0.205,27.07,14.352,0.0,16.51,54.852,1.0,14.106,11.919,92.3,1.722,9.3,8.269,27.008,74.571,59.815,12.66,1011.299,74.541,0.0
2023-06-29 19:40:00-07:00,1688092926.216,254.216,345.11,39.994,0.409,0.348,279.052,0.134,566.48,0.602,12.04,0.663,5.607,24.712,322.008,75.766,1.803,1.411,1.409,0.03,48.319,4.137,76.568,0.0,0.0,0.0,87.686,618.664,107.375,96.335,68.574,-2.211,-0.268,16.702,75.813,-1.642,27.07,14.344,0.0,16.719,54.938,1.0,14.108,15.021,92.3,1.093,9.302,13.114,29.141,74.543,60.0,10.755,1011.517,74.517,0.0
2023-06-29 22:40:00-07:00,1688104179.663,24.663,241.133,39.996,0.26,0.481,258.801,0.085,520.006,0.386,12.195,0.429,3.565,26.533,151.976,69.8,3.618,1.439,0.056,0.001,259.7,0.378,74.895,0.0,0.0,0.0,83.3,607.317,116.375,110.102,60.0,-3.516,-0.214,8.536,70.448,0.935,27.061,14.397,0.0,15.265,47.756,1.0,14.2,13.46,92.3,0.0,8.776,13.343,31.191,66.11,74.0,5.75,1012.0,65.89,0.0
2023-06-29 22:50:00-07:00,1688104504.39,349.39,100.577,39.995,1.22,0.493,281.063,0.399,1796.536,1.811,34.389,2.35,16.731,68.931,469.676,70.338,16.368,2.124,3.779,0.095,35.239,5.795,71.146,0.0,0.0,0.0,81.84,1779.963,116.375,86.403,62.438,-3.432,0.201,53.589,70.402,0.087,27.062,14.378,0.0,16.103,67.483,1.0,14.2,39.039,92.3,0.022,8.875,33.634,70.691,66.146,79.521,6.118,1012.721,66.194,45.351
2023-06-29 23:00:00-07:00,1688105100.161,945.161,66.702,40.019,1.952,0.549,286.137,0.638,2599.776,2.912,44.245,3.687,26.764,82.614,1056.52,69.629,20.972,1.995,14.482,0.354,41.638,15.724,69.926,0.0,0.0,0.0,81.048,2598.623,116.375,78.791,59.682,-2.518,0.011,69.293,69.686,-0.038,27.06,14.354,0.0,15.643,69.643,1.0,14.198,50.551,92.3,0.055,8.483,44.198,82.773,65.845,90.0,6.26,1013.0,66.357,63.0
2023-06-29 23:10:00-07:00,1688105700.132,1545.132,100.708,39.998,1.692,0.474,292.092,0.552,2343.016,2.522,40.351,3.217,23.193,77.023,1646.985,66.245,19.873,2.053,26.344,0.658,39.996,25.724,66.817,8.075,1002.325,1014.545,77.365,2368.148,116.375,77.495,56.825,-3.462,0.007,69.987,66.326,-0.291,27.061,14.343,0.221,15.759,65.774,1.0,14.186,46.113,92.3,0.063,8.377,40.25,78.214,66.425,74.672,4.585,1012.509,66.277,24.78
2023-06-29 23:20:00-07:00,1688106300.13,2145.13,86.102,39.976,1.655,0.486,297.732,0.54,2353.635,2.468,40.116,3.209,22.688,78.184,2237.878,69.002,19.519,2.008,37.521,0.945,39.687,35.724,69.123,8.893,942.468,972.238,71.553,2352.353,116.375,81.086,57.902,-3.16,-0.042,65.737,68.757,-0.165,27.065,14.341,0.207,16.191,60.412,1.0,14.168,45.806,92.3,0.027,7.825,40.11,77.682,65.909,70.918,4.695,1012.891,65.536,0.0
2023-06-29 23:30:00-07:00,1688106797.845,2642.845,314.798,39.978,0.559,0.366,301.19,0.182,871.822,0.833,13.836,0.989,7.661,27.346,2722.665,68.018,4.791,1.476,44.605,1.122,39.758,43.955,68.491,1.176,135.77,162.069,70.9,894.31,116.375,88.348,68.103,-2.521,-0.22,22.307,67.858,0.072,27.109,14.376,0.037,17.204,39.817,1.0,14.188,15.463,92.3,0.036,6.531,15.575,31.751,65.558,73.461,4.61,1012.449,65.264,0.0
2023-06-30 00:50:00-07:00,1688111875.109,135.109,38.583,39.468,0.507,0.603,251.115,0.166,764.803,0.73,15.784,0.906,6.957,33.553,147.482,77.264,4.992,1.645,0.151,0.009,12.854,1.956,80.433,13.057,1692.727,1891.367,101.351,819.452,98.375,97.241,69.314,-2.219,0.313,12.55,77.461,0.857,27.057,13.84,0.701,15.484,45.131,1.0,13.721,17.822,92.3,40.849,9.956,15.544,26.196,64.706,74.765,3.44,1012.663,64.394,0.0
2023-06-30 01:00:00-07:00,1688112123.011,383.011,247.223,39.402,0.761,0.583,252.261,0.249,1004.789,1.107,16.79,1.208,10.438,29.984,414.857,78.8,7.866,1.648,1.604,0.068,23.618,6.292,80.191,24.947,5390.27,5419.676,88.576,1058.926,98.375,97.117,66.806,-2.558,-0.62,19.796,78.734,0.558,27.064,14.377,1.748,16.181,50.113,1.0,14.225,19.561,92.3,41.959,10.807,17.959,34.139,64.342,75.389,3.44,1012.809,64.021,0.0
2023-06-30 16:00:00-07:00,1688166331.185,271.185,214.101,39.781,0.579,0.479,305.347,0.189,870.395,0.842,17.532,0.976,7.941,38.248,223.776,95.184,7.762,1.73,1.294,0.042,34.654,4.436,97.948,0.0,0.0,0.0,102.189,949.038,144.5,126.382,58.72,-2.554,0.093,18.48,95.258,0.672,27.068,14.402,0.0,16.48,60.053,1.0,14.214,19.317,92.3,44.836,7.241,19.734,35.961,96.386,38.334,3.579,1003.137,100.652,29.828
2023-06-30 20:40:00-07:00,1688183349.353,54.353,43.673,39.969,0.77,0.727,282.585,0.252,1241.755,1.204,28.703,1.298,10.564,54.285,56.936,73.84,12.846,1.745,0.262,0.011,24.074,0.848,74.131,0.0,0.0,0.0,77.45,1187.457,82.625,82.381,71.185,-4.319,0.393,22.795,73.585,-0.836,27.067,13.972,0.0,15.544,32.223,0.936,13.846,30.845,92.3,27.117,7.775,27.055,55.428,76.878,58.0,5.75,999.888,76.985,0.0
2023-06-30 20:50:00-07:00,1688183508.031,213.031,229.473,39.976,0.398,0.435,302.214,0.13,794.354,0.537,14.846,0.689,5.453,33.111,200.575,71.031,6.158,1.585,1.15,0.031,37.557,3.443,71.321,0.0,0.0,0.0,77.724,736.304,82.625,82.451,73.548,-4.249,-0.538,16.973,70.997,6.211,27.262,13.612,0.0,16.677,31.033,0.976,13.5,18.751,92.3,36.377,6.13,13.209,29.933,77.08,57.238,5.75,1005.91,77.178,0.0
2023-07-01 00:50:00-07:00,1688198316.386,92.386,111.02,39.939,0.952,1.201,302.814,0.311,1195.168,1.184,26.396,1.28,13.048,50.712,86.818,88.847,13.959,1.8,0.323,0.021,12.281,1.47,89.802,31.0,6317.873,6728.085,101.093,1161.862,96.125,97.716,60.675,-4.403,-0.066,13.83,89.142,1.184,28.417,14.392,2.452,14.758,42.409,1.0,14.213,37.092,92.3,43.224,7.209,25.407,42.705,65.706,74.518,4.61,1012.0,65.475,0.0
2023-07-01 01:00:00-07:00,1688198562.097,338.097,79.474,39.843,0.818,0.899,303.94,0.267,1301.466,1.217,24.947,1.452,11.209,50.625,335.591,88.361,12.099,1.744,1.131,0.078,14.227,5.564,89.811,24.442,4877.636,4933.497,91.749,1277.062,96.125,105.917,46.238,-3.714,0.07,13.095,88.489,0.051,27.224,14.394,1.655,16.642,46.078,0.984,14.223,28.541,92.3,42.094,7.424,26.743,54.099,65.422,75.498,4.61,1012.0,65.216,0.0
2023-07-01 15:10:00-07:00,1688249869.687,138.687,508.802,39.829,1.03,0.949,322.431,0.337,1278.227,1.46,25.318,1.646,14.128,48.679,271.338,87.412,13.31,1.869,0.936,0.032,75.357,2.258,87.901,31.0,6064.681,6199.854,88.975,1194.51,102.875,103.328,70.938,-2.288,0.094,27.296,87.34,-0.064,27.061,14.323,1.948,16.552,65.917,1.0,14.117,28.898,92.3,47.127,6.023,19.947,49.735,89.263,43.028,10.36,1009.312,90.609,0.0
2023-07-01 15:20:00-07:00,1688250300.128,569.128,278.472,39.751,0.867,0.803,324.355,0.283,1133.984,1.283,18.779,1.368,11.884,36.08,695.312,86.296,6.794,1.617,3.548,0.131,27.184,9.432,86.954,26.275,4729.725,4762.703,77.901,1229.668,102.875,107.355,63.59,-2.292,0.053,22.645,86.306,0.729,27.061,14.291,1.556,15.656,60.86,0.99,14.092,22.065,92.3,46.569,5.802,21.902,39.626,88.661,47.188,5.295,1007.504,91.119,65.453
2023-07-01 15:30:00-07:00,1688250864.743,1133.743,379.173,39.681,0.468,0.502,326.742,0.153,800.489,0.694,14.047,0.803,6.421,33.634,1250.135,87.629,4.998,1.844,7.222,0.252,28.558,18.821,89.07,20.023,3821.922,3998.95,74.508,836.278,102.875,117.93,62.099,-3.547,-0.135,17.11,87.737,0.535,27.185,14.292,1.347,16.053,60.964,1.0,14.1,16.33,92.3,41.985,5.42,16.185,33.499,89.312,44.486,5.441,1008.106,91.217,52.324
2023-07-01 17:00:00-07:00,1688256534.418,69.418,239.543,39.657,1.423,0.919,317.681,0.465,1872.036,2.244,33.758,2.471,19.51,63.892,221.893,83.046,20.171,1.725,0.538,0.021,74.935,1.125,85.878,18.0,4449.84,4613.672,77.8,1768.153,126.5,104.866,57.36,-2.828,0.374,36.016,83.296,0.254,27.063,14.018,1.486,15.648,72.015,0.977,13.875,37.478,92.3,34.069,5.453,31.684,61.79,89.154,31.0,8.84,1011.0,87.174,1.0
2023-07-01 17:10:00-07:00,1688256901.486,436.486,119.528,39.655,1.358,0.432,330.693,0.444,2054.517,2.006,34.465,2.498,18.627,70.183,583.149,83.735,19.601,2.322,6.62,0.175,35.923,7.246,84.928,18.0,3419.799,3415.468,70.119,2016.627,126.5,98.087,58.163,-4.71,-0.004,62.084,83.717,-0.084,27.063,14.24,0.948,16.169,71.173,1.0,14.099,39.845,92.3,33.26,5.59,34.177,71.338,87.854,33.592,8.545,1011.0,86.253,1.44
2023-07-01 17:20:00-07:00,1688257499.906,1034.906,88.901,39.679,1.821,0.533,335.668,0.595,2548.213,2.698,40.172,3.317,24.967,76.512,1172.083,86.246,22.111,2.11,17.093,0.429,40.024,17.22,86.861,18.0,3034.31,3034.535,67.908,2539.781,126.5,100.313,59.703,-3.45,0.018,66.856,86.238,0.027,27.062,14.222,0.859,16.053,71.435,1.0,14.093,45.596,92.3,30.717,5.071,39.432,74.966,91.56,29.89,7.836,1010.631,89.762,2.195
2023-07-01 17:30:00-07:00,1688258100.92,1635.92,354.449,39.687,0.874,0.51,340.267,0.285,1314.052,1.301,22.236,1.533,11.983,44.639,1763.539,90.85,10.048,1.736,26.564,0.664,40.022,27.236,91.092,16.516,2867.225,2930.444,67.895,1288.169,126.5,111.28,60.931,-3.316,-0.062,36.962,90.563,0.077,27.059,14.082,0.906,16.666,66.629,0.995,13.936,24.873,92.3,25.346,4.902,21.166,44.449,88.789,31.944,7.506,1010.0,86.959,0.0
2023-07-01 17:40:00-07:00,1688258600.196,2135.196,313.021,39.683,0.579,0.476,341.931,0.189,928.139,0.856,15.376,1.046,7.935,32.172,2254.174,90.024,6.175,1.561,29.86,0.749,39.89,35.517,90.191,1.174,264.958,232.981,72.663,928.42,126.5,117.773,71.233,-2.279,-0.115,20.677,89.997,0.627,27.089,13.98,0.067,16.578,60.711,0.99,13.838,17.503,92.3,22.642,4.599,15.832,33.798,88.137,32.999,7.092,1010.0,86.436,0.0
2023-07-01 21:00:00-07:00,1688270920.314,83.314,299.086,39.739,1.065,0.764,298.907,0.348,1331.45,1.584,26.797,1.687,14.597,49.868,928.119,73.434,10.588,1.788,0.633,0.027,20.939,1.357,74.338,0.0,0.0,0.0,80.414,1419.133,80.375,92.199,65.865,-3.0,0.206,28.886,73.774,-0.128,27.206,13.61,0.0,16.689,48.862,1.0,13.496,30.416,92.3,45.138,6.857,25.934,47.868,75.733,51.166,5.641,1012.0,75.41,0.0
2023-07-01 21:10:00-07:00,1688271301.896,464.896,241.504,39.716,1.086,0.536,308.527,0.355,1646.772,1.615,27.945,1.989,14.889,56.632,1303.754,75.979,13.873,1.847,4.259,0.128,32.209,7.72,76.58,5.638,1198.421,1240.749,79.869,1603.237,80.375,87.821,68.161,-3.781,0.115,45.499,75.831,0.084,27.062,13.596,0.321,16.24,74.985,1.0,13.488,32.136,92.3,46.81,6.715,28.53,55.06,76.184,50.931,5.32,1012.0,75.898,0.136
2023-07-01 21:20:00-07:00,1688271900.306,1063.306,122.247,39.859,1.266,0.354,312.463,0.414,1982.798,1.89,35.396,2.513,17.363,72.259,1892.963,76.838,18.291,2.138,14.516,0.328,43.777,17.693,77.61,11.147,2096.748,2095.503,73.854,2020.807,80.375,87.986,63.295,-4.217,0.024,69.885,76.766,-0.279,27.056,13.573,0.513,15.885,90.0,1.0,13.488,40.157,92.3,50.86,6.74,36.031,73.824,74.891,56.02,3.534,1012.612,74.713,3.8
2023-07-01 21:30:00-07:00,1688272500.32,1663.32,163.803,39.983,1.123,0.467,316.445,0.367,1738.562,1.667,31.888,2.124,15.402,64.899,2483.205,76.277,16.297,2.065,24.626,0.532,46.36,27.693,77.046,16.358,2294.308,2323.525,69.064,1762.046,80.375,90.923,66.024,-4.377,-0.105,48.442,76.251,0.064,27.058,13.705,0.591,16.58,85.347,0.995,13.597,36.865,92.3,50.525,6.371,30.776,62.188,71.77,61.841,2.775,1013.0,71.553,0.465
2023-07-01 21:40:00-07:00,1688273101.348,2264.348,309.902,39.948,0.561,0.575,319.23,0.183,751.778,0.827,13.938,0.924,7.691,29.32,3066.199,75.2,3.248,1.672,29.729,0.674,44.137,37.696,75.631,18.0,2377.394,2436.561,65.711,691.197,80.375,101.927,67.374,-1.726,-0.003,15.844,74.683,0.336,27.063,14.207,0.657,16.656,54.814,0.978,14.058,16.71,92.3,52.316,5.989,14.749,28.338,72.487,58.803,2.387,1013.0,72.198,0.0
2023-07-01 21:50:00-07:00,1688273588.359,2751.359,402.178,39.874,0.791,0.677,321.176,0.258,956.013,1.168,17.403,1.193,10.844,33.539,3537.934,74.204,3.075,1.551,32.498,0.773,42.047,45.772,74.827,18.0,2306.468,2355.936,64.383,992.236,80.375,100.788,71.602,-1.827,-0.282,21.085,74.221,0.282,27.066,14.204,0.613,16.703,63.984,1.0,14.041,22.035,92.3,49.622,5.991,19.467,35.471,73.574,56.63,2.065,1013.0,73.296,0.0
2023-07-04 16:30:00-07:00,1688513879.882,121.882,92.665,39.651,0.413,0.548,338.283,0.135,684.113,0.614,13.211,0.644,5.659,26.689,250.974,80.6,5.437,1.583,0.338,0.02,16.382,2.001,86.102,0.087,21.426,81.391,83.858,683.17,82.625,89.412,67.536,-3.329,-0.092,7.404,80.816,1.553,27.119,13.638,0.026,15.987,0.0,1.0,13.535,15.002,92.3,51.591,4.478,12.91,29.698,89.556,25.736,11.5,999.629,86.645,0.0
2023-07-04 16:40:00-07:00,1688514078.685,320.685,0.0,39.643,0.019,0.0,342.889,0.006,0.0,0.028,0.0,0.0,0.264,0.0,446.007,80.6,0.0,1.0,0.482,0.027,18.011,5.3,87.958,0.0,0.0,0.0,84.2,0.0,82.625,98.495,65.553,0.0,-0.003,0.0,80.816,-0.002,27.062,14.364,0.0,15.428,0.0,1.0,14.166,0.0,92.3,37.518,4.749,0.0,0.0,90.318,26.996,11.5,999.998,87.668,0.0
2023-07-04 16:50:00-07:00,1688514972.641,227.641,146.457,39.608,0.786,0.572,341.565,0.257,1281.509,1.171,20.317,1.321,10.775,42.524,190.364,81.523,9.67,1.771,1.463,0.052,22.861,3.746,90.164,13.661,2732.277,2782.819,79.184,1257.423,109.625,101.409,67.014,-4.627,0.192,27.18,81.687,-0.455,27.158,14.229,0.856,16.321,0.0,1.0,14.083,23.73,92.3,40.446,4.409,20.846,44.45,89.253,30.001,11.5,1004.324,87.084,0.0
2023-07-04 17:00:00-07:00,1688515502.583,757.583,318.129,39.624,0.599,0.389,345.624,0.196,912.901,0.87,19.494,1.084,8.21,40.532,704.67,84.515,7.828,1.935,5.199,0.139,37.106,12.573,90.866,13.0,2461.24,2481.577,71.353,972.587,109.625,105.341,72.629,-2.585,-0.049,28.157,84.666,-0.028,27.06,13.99,0.748,16.425,49.473,0.99,13.852,21.362,92.3,41.291,4.402,18.493,38.93,89.769,28.409,11.5,1011.936,87.386,0.0
2023-07-04 17:10:00-07:00,1688516098.722,1353.722,115.472,39.571,1.609,0.582,350.0,0.526,2166.148,2.388,34.824,2.851,22.065,67.783,1300.052,87.302,17.735,2.054,13.097,0.362,36.099,22.52,88.861,10.55,2192.352,2202.99,72.454,2080.351,109.625,102.846,58.369,-2.895,0.117,54.607,87.193,0.069,27.064,14.313,0.615,16.178,67.068,0.993,14.169,40.373,92.3,36.762,3.953,32.948,65.404,80.452,46.408,6.355,1011.036,80.433,2.995
2023-07-04 17:20:00-07:00,1688516695.087,1950.087,249.951,39.617,0.78,0.433,353.157,0.255,1339.937,1.159,25.785,1.528,10.69,58.93,1892.499,79.714,14.721,2.407,20.304,0.524,38.718,32.468,80.273,6.201,1723.24,1724.093,68.518,1367.898,109.625,97.343,69.819,-4.735,0.029,39.74,79.511,0.126,27.06,13.929,0.436,16.714,78.257,1.0,13.817,29.532,92.3,24.897,3.685,27.15,59.997,79.123,52.585,7.958,1011.034,79.128,3.617
2023-07-04 17:30:00-07:00,1688517299.878,2554.878,374.797,39.672,0.326,0.285,355.113,0.107,502.808,0.483,10.147,0.585,4.473,22.052,2475.692,69.371,4.428,1.542,25.254,0.623,40.519,42.529,69.739,1.942,602.188,587.902,67.33,438.727,109.625,95.957,71.322,-1.904,-0.063,16.383,68.993,0.601,27.062,14.275,0.139,16.543,57.642,1.0,14.115,11.199,92.3,18.307,3.799,8.927,21.082,76.255,64.741,6.058,1011.998,76.628,2.37
2023-07-04 17:40:00-07:00,1688517637.372,2892.372,144.747,39.671,0.22,0.592,355.525,0.072,334.183,0.323,29.323,0.371,3.015,71.958,2782.0,66.56,0.929,1.093,26.062,0.644,40.448,47.976,67.617,0.0,0.0,0.0,67.844,186.683,109.625,100.688,68.627,-6.322,-0.175,5.228,67.053,-5.152,27.068,14.355,0.0,15.175,50.66,1.0,14.2,26.29,92.3,30.707,3.327,4.533,17.835,76.33,65.985,7.07,1012.0,76.77,2.0
2023-07-04 21:30:00-07:00,1688531909.295,95.295,10.182,39.635,0.924,1.927,350.082,0.302,1464.618,1.397,37.746,1.684,12.671,73.687,69.242,61.423,17.925,2.0,0.192,0.021,10.027,1.536,61.177,17.852,2288.901,2306.357,72.831,1416.508,97.25,87.958,37.837,-4.872,0.122,7.709,61.166,0.993,27.058,14.493,0.615,16.114,39.86,1.0,14.304,42.363,96.602,0.044,3.649,37.964,73.538,61.949,82.0,1.993,1013.0,61.706,2.0
2023-07-04 21:40:00-07:00,1688532299.47,485.47,364.609,39.549,1.094,0.617,358.202,0.357,1594.296,1.623,30.651,2.12,15.003,60.752,449.82,59.658,16.914,2.049,3.176,0.136,21.063,8.038,59.518,0.823,153.658,132.045,72.128,1678.336,97.25,76.839,64.986,-3.217,0.058,36.776,59.648,0.147,27.062,14.512,0.032,16.828,65.482,1.0,14.303,34.391,92.3,0.072,3.23,32.729,62.762,62.209,79.925,3.099,1013.0,61.885,1.545
2023-07-04 21:50:00-07:00,1688532900.314,1086.314,190.187,39.509,1.217,0.552,361.85,0.398,1772.063,1.809,31.491,2.275,16.693,62.968,1040.49,62.378,14.482,2.162,9.81,0.322,30.341,18.05,63.639,0.0,0.0,0.0,71.642,1847.318,97.25,78.035,67.107,-3.797,-0.021,44.784,62.095,-0.276,27.064,14.489,0.0,16.193,68.369,0.988,14.3,36.678,92.3,0.02,3.284,33.505,68.839,64.895,71.388,1.763,1012.249,64.441,1.25
2023-07-04 22:00:00-07:00,1688533500.335,1686.335,590.93,39.55,0.349,0.25,364.492,0.114,522.79,0.508,11.346,0.634,4.783,23.965,1630.74,66.515,7.233,1.417,15.893,0.457,34.751,28.051,72.434,0.0,0.0,0.0,72.606,494.67,97.25,94.217,68.018,-1.556,-0.03,22.216,66.841,-0.056,27.064,14.499,0.0,16.405,60.455,0.99,14.3,13.387,92.3,0.01,3.318,10.219,23.754,66.507,64.2,2.499,1010.598,65.879,1.3
2023-07-04 22:10:00-07:00,1688534099.021,2285.021,549.552,39.624,0.44,0.321,365.678,0.144,656.348,0.655,13.897,0.818,6.026,29.957,2219.672,70.801,6.045,1.528,19.677,0.517,38.005,38.027,72.477,0.0,0.0,0.0,74.367,666.421,97.25,95.573,69.546,-1.688,0.012,23.743,70.758,0.166,27.068,14.475,0.0,16.566,60.662,0.99,14.293,15.166,92.3,0.023,3.263,13.429,32.235,68.245,59.662,3.44,1011.344,67.575,0.0
2023-07-04 22:20:00-07:00,1688534700.435,2886.435,541.617,39.649,0.692,0.436,367.634,0.226,1024.087,1.033,19.266,1.283,9.488,44.84,2813.465,71.6,5.831,1.886,24.106,0.617,39.05,48.053,72.162,0.0,0.0,0.0,76.254,1044.506,97.25,91.885,68.004,-2.322,0.0,29.96,71.785,-0.07,27.063,14.442,0.0,16.429,64.647,1.0,14.229,22.006,92.3,0.032,3.095,20.132,45.396,68.59,55.613,3.49,1012.442,67.766,0.0
2023-07-04 22:30:00-07:00,1688535267.384,3453.384,158.266,39.652,0.223,0.261,369.027,0.073,283.854,0.325,6.54,0.369,3.056,15.671,3377.076,69.882,2.099,1.242,26.972,0.688,39.187,57.49,70.951,0.0,0.0,0.0,78.383,260.663,97.25,104.543,71.215,-0.749,-0.04,6.392,70.327,0.268,27.113,14.441,0.0,16.533,40.34,1.0,14.201,7.641,92.3,0.015,2.736,6.509,14.098,67.196,54.001,4.61,1000.137,66.153,0.0
2023-07-09 16:10:00-07:00,1688944540.278,274.278,81.235,39.72,1.133,0.661,398.871,0.37,1445.929,1.586,25.818,1.759,15.532,43.977,310.546,78.958,16.104,1.76,1.526,0.058,29.07,4.514,80.366,25.895,4818.374,4994.088,91.072,1578.971,119.75,102.568,54.319,-3.289,0.167,30.132,79.534,-0.104,27.057,14.187,1.635,15.733,60.81,0.975,14.029,28.97,92.3,37.057,10.489,25.523,49.464,76.221,50.816,9.805,1011.971,75.93,0.0
2023-07-09 16:20:00-07:00,1688945099.702,833.702,72.096,39.548,2.364,0.622,405.098,0.772,3111.062,3.569,44.461,4.117,32.412,77.056,863.2,82.634,23.716,2.115,10.587,0.376,27.891,13.84,83.405,30.72,4340.12,4336.678,75.126,3253.469,119.75,95.798,51.877,-3.303,-0.0,75.1,82.711,0.018,27.063,14.205,1.216,15.907,71.484,1.0,14.058,49.051,92.3,48.92,10.144,45.056,76.346,80.036,41.179,10.294,1011.004,79.711,0.0
2023-07-09 16:30:00-07:00,1688945699.674,1433.674,159.721,39.43,2.134,0.691,412.233,0.697,2681.184,3.129,38.329,3.474,29.258,67.833,1454.668,86.0,19.595,2.13,22.508,0.74,30.491,23.845,86.798,21.672,3139.965,3129.093,72.091,2658.937,119.75,102.293,55.395,-3.714,-0.099,63.273,86.313,-0.245,27.063,14.207,0.883,16.699,70.967,1.0,14.053,43.762,92.3,46.378,9.572,35.821,66.733,82.763,33.417,9.421,1011.0,81.367,0.0
2023-07-09 16:40:00-07:00,1688946029.164,1763.164,178.423,39.349,0.022,0.155,415.385,0.007,0.0,0.033,0.0,0.0,0.301,0.0,1752.0,86.0,0.054,1.0,27.153,0.901,30.142,29.129,85.82,13.0,2180.0,2186.322,73.186,0.0,119.75,112.512,69.02,-0.484,-1.026,1.618,85.424,16.974,29.88,14.245,0.647,16.947,47.72,1.0,14.012,0.0,92.3,39.119,3.222,0.0,0.0,83.485,32.0,8.809,1011.0,81.794,0.0
2023-07-09 22:30:00-07:00,1688967438.076,171.076,133.861,39.316,1.448,0.662,416.734,0.473,2130.783,2.119,30.572,2.369,19.852,58.815,187.7,66.802,18.098,2.028,2.004,0.069,28.506,2.797,67.435,0.0,0.0,0.0,81.136,2123.135,92.75,80.739,63.539,-5.645,0.338,56.015,66.887,-0.67,27.062,14.372,0.0,15.267,68.876,1.0,14.2,36.316,92.3,0.043,9.44,35.792,67.449,70.237,48.199,1.536,1013.0,69.222,0.0
2023-07-09 22:40:00-07:00,1688967899.579,632.579,86.422,39.341,2.018,0.541,420.985,0.659,2681.016,3.01,42.514,3.707,27.668,78.499,644.348,69.752,23.19,2.0,11.061,0.286,38.917,10.492,69.711,0.0,0.0,0.0,79.637,2704.644,92.75,77.645,54.849,-3.269,0.002,72.548,69.52,-0.144,27.059,14.364,0.0,15.56,70.977,1.0,14.2,48.188,92.3,0.01,8.978,44.423,80.479,70.102,50.433,0.663,1013.0,69.185,0.0
2023-07-09 22:50:00-07:00,1688968499.586,1232.586,118.394,39.248,1.763,0.472,428.086,0.576,2498.048,2.628,39.241,3.299,24.178,72.483,1234.732,66.383,21.359,2.0,23.283,0.648,35.839,20.491,66.959,0.0,0.0,0.0,78.784,2526.462,92.75,78.026,53.997,-4.143,-0.05,72.445,66.452,-0.032,27.059,14.349,0.0,15.905,71.0,1.0,14.197,42.614,92.3,0.043,8.645,37.802,72.978,68.889,56.119,1.235,1013.0,68.114,0.0
2023-07-09 23:00:00-07:00,1688969099.581,1832.581,66.654,39.236,2.199,0.598,434.184,0.718,2886.223,3.281,43.942,4.057,30.155,80.294,1825.27,67.907,23.6,2.0,35.239,0.959,36.778,30.493,68.484,4.05,733.798,796.77,75.398,2811.421,92.75,79.142,53.788,-2.789,0.011,71.867,68.008,-0.038,27.065,14.333,0.17,15.83,70.995,1.0,14.176,50.305,92.3,0.035,8.153,43.544,80.933,71.446,53.653,2.03,1012.394,70.812,0.0
2023-07-09 23:10:00-07:00,1688969699.224,2432.224,188.097,39.174,1.225,0.457,440.263,0.4,1788.388,1.825,28.735,2.289,16.801,56.297,2415.39,70.522,12.547,1.856,46.028,1.27,36.251,40.486,71.203,1.154,1085.749,1131.01,71.129,1836.695,92.75,86.641,57.114,-3.403,-0.076,47.361,70.83,-0.158,27.065,14.337,0.246,16.542,65.779,1.0,14.174,32.294,92.3,0.048,7.77,28.828,54.366,71.885,49.699,2.424,1012.0,71.115,0.0
2023-07-09 23:20:00-07:00,1688970236.111,2969.111,337.177,39.192,0.504,0.349,442.357,0.165,770.213,0.737,14.518,0.935,6.916,30.71,2941.708,71.116,5.066,1.52,50.624,1.377,36.772,49.411,71.32,0.197,207.694,208.715,70.045,747.223,92.75,92.386,70.823,-1.995,-0.154,21.965,70.894,0.254,27.169,14.346,0.049,16.36,52.493,0.986,14.129,15.999,92.3,0.0,6.916,14.143,26.489,72.268,49.414,2.547,1012.0,71.517,0.0
2023-07-09 23:40:00-07:00,1688971631.101,178.101,240.815,39.641,0.438,0.332,369.832,0.143,651.101,0.631,12.293,0.695,6.005,26.852,294.235,75.2,3.8,1.674,0.848,0.022,31.468,2.918,76.952,0.302,71.235,156.951,77.274,619.214,75.875,82.362,71.683,-2.696,0.036,17.83,75.139,0.014,27.134,13.646,0.048,16.565,0.0,0.963,13.523,15.128,92.3,44.018,1.938,11.576,24.879,71.121,53.566,3.452,1012.0,70.453,0.0
2023-07-09 23:50:00-07:00,1688972100.5,647.5,287.179,39.647,0.219,0.207,370.707,0.071,261.703,0.308,5.278,0.34,2.996,11.489,753.104,76.773,2.179,1.26,2.732,0.067,40.623,10.738,78.849,9.0,1940.232,1960.144,72.053,295.004,75.875,93.146,68.381,-0.755,0.019,9.671,76.956,-0.963,27.152,14.342,0.545,15.775,0.0,1.0,14.195,6.146,92.3,43.07,2.031,6.485,11.232,70.605,54.909,3.377,1012.0,69.944,0.0
2023-07-10 00:00:00-07:00,1688972502.319,1049.319,1.541,39.65,0.16,0.654,370.915,0.052,309.361,0.233,6.76,0.325,2.193,16.632,1145.68,77.0,0.0,1.68,3.204,0.077,41.355,17.357,80.718,9.0,1767.629,1773.253,69.654,239.165,75.875,103.211,53.786,-1.165,0.116,0.64,77.36,-0.185,27.112,14.439,0.5,14.626,0.0,1.0,14.3,7.665,92.3,45.0,2.043,2.846,8.716,70.481,55.0,3.36,1012.0,69.821,0.0
2023-07-13 17:40:00-07:00,1689295706.255,103.255,233.433,39.171,1.083,0.885,443.48,0.354,1413.638,1.589,25.855,1.796,14.854,46.71,163.309,93.2,10.529,1.543,0.674,0.031,18.107,1.67,93.377,0.0,0.0,0.0,100.472,1265.383,108.5,103.033,44.512,-2.264,0.208,26.86,93.353,0.241,27.057,13.604,0.0,16.564,66.899,1.0,13.5,29.407,92.3,17.596,6.63,21.481,40.572,90.717,19.0,6.241,1011.0,86.915,8.0
2023-07-13 17:50:00-07:00,1689296009.63,406.63,198.891,39.124,0.753,0.585,445.149,0.246,1158.839,1.113,17.797,1.21,10.33,36.541,462.506,93.2,8.356,1.978,2.925,0.116,25.063,6.705,93.756,0.0,0.0,0.0,99.422,1173.96,108.5,106.754,57.161,-3.423,-0.021,19.64,93.605,4.252,27.191,14.287,0.0,16.829,60.866,1.0,14.143,20.532,92.3,17.537,6.509,18.103,34.34,89.686,19.0,6.112,1011.0,85.954,7.318
2023-07-15 18:30:00-07:00,1689471590.89,17.89,443.803,39.111,0.027,0.018,445.676,0.009,36.0,0.04,0.0,0.021,0.375,0.0,541.0,93.2,1.561,3.053,0.042,0.0,367.967,0.246,93.579,0.0,0.0,0.0,92.75,1258.355,92.75,100.305,71.373,-2.954,1.308,21.768,93.67,0.497,27.063,13.591,0.0,17.082,40.0,1.0,13.5,8.682,92.3,5.368,5.492,23.261,58.844,89.166,32.3,4.998,1009.0,87.461,5.0
2023-07-15 18:40:00-07:00,1689471900.163,327.163,466.301,39.117,0.575,0.426,446.672,0.188,810.238,0.855,16.458,0.993,7.884,34.574,830.955,94.232,5.422,1.482,2.169,0.051,45.576,5.411,95.187,10.373,2762.899,2877.03,85.604,668.803,92.75,106.23,69.731,-1.743,-0.024,23.637,94.607,-0.002,27.06,13.975,0.986,16.428,57.961,1.0,13.836,20.414,92.3,4.756,5.965,15.052,31.645,88.109,34.051,4.465,1009.0,86.622,5.276
2023-07-15 18:50:00-07:00,1689472502.972,929.972,328.934,39.139,0.345,0.315,448.076,0.113,523.506,0.511,10.464,0.612,4.725,24.337,1430.931,95.0,6.449,1.504,5.464,0.123,44.492,15.466,96.489,9.0,2399.562,2422.913,76.203,508.4,92.75,117.408,66.727,-1.848,0.098,15.255,95.379,0.016,27.118,14.126,0.814,15.936,56.176,0.991,13.95,11.871,92.3,3.951,5.935,9.403,23.432,85.261,39.317,4.255,1009.0,84.485,7.88
2023-07-15 19:00:00-07:00,1689472872.709,1299.709,122.762,39.141,0.14,0.343,448.632,0.046,266.077,0.197,5.27,0.254,1.918,14.572,1792.728,95.0,1.762,1.588,6.627,0.151,43.899,21.524,96.497,9.0,2298.912,2305.482,73.017,264.649,92.75,123.026,60.021,-1.27,-0.546,3.705,95.792,7.759,27.229,14.3,0.769,14.778,42.579,1.0,14.092,6.752,92.3,1.544,3.83,5.432,12.604,84.543,40.0,4.16,1009.0,83.843,8.0
2023-07-15 21:50:00-07:00,1689483324.291,281.291,207.783,39.124,0.86,0.604,447.192,0.281,1224.672,1.275,23.877,1.53,11.786,48.912,426.639,83.387,12.117,1.737,1.556,0.05,42.531,4.653,84.912,0.0,0.0,0.0,90.267,1222.966,135.5,111.572,52.763,-2.315,0.054,23.586,83.144,0.029,27.14,14.29,0.0,16.354,60.873,1.0,14.098,26.916,92.3,0.042,5.647,24.18,52.182,73.88,58.34,2.781,1011.0,73.709,50.45
2023-07-15 22:00:00-07:00,1689483725.044,682.044,140.413,39.033,0.969,0.716,452.164,0.316,1347.806,1.443,24.18,1.624,13.282,46.437,815.562,75.561,12.569,1.807,4.514,0.179,25.265,11.291,76.104,0.0,0.0,0.0,88.201,1280.758,135.5,98.116,57.535,-2.962,-0.252,19.255,75.354,-2.449,27.148,14.296,0.0,16.347,52.703,0.98,14.095,26.772,92.3,0.04,4.101,21.613,41.84,69.994,63.693,2.722,1011.0,69.685,54.0
